pt,faers_a,faers_ror,faers_lcl,faers_signal,faers_trio,canada_a,canada_n_pt_all,canada_ror,canada_lcl,verdict
NAUSEA,775,2.90799100817344,2.7000659267082,TRUE,TRUE,15,63311,2.60922227839569,1.51578924864776,replicated
VOMITING,570,3.60731626263988,3.31238271809583,TRUE,TRUE,10,38452,2.78858159945252,1.45722279981784,replicated
HEADACHE,496,2.22082635291484,2.02774473515178,TRUE,TRUE,16,48913,3.68758819559482,2.1736474588209,replicated
DIZZINESS,490,2.87537361572813,2.62399424344715,TRUE,TRUE,13,40102,3.57418777872699,2.00595429264235,replicated
DEATH,397,1.1985621552738,1.08345156539714,TRUE,FALSE,0,45306,,,insufficient (a=0)
DIARRHOEA,347,1.42241877575582,1.27725350283428,TRUE,FALSE,2,47238,0.418140522361879,0.103289768564658,discordant
MALAISE,333,2.03697544232236,1.82516050492768,TRUE,FALSE,2,34679,0.57604618540902,0.142294391838275,discordant
PRODUCT ADHESION ISSUE,277,19.3902033587081,17.1911432134551,TRUE,TRUE,0,,,,insufficient (a=0)
VISION BLURRED,275,5.86949664333742,5.20339298072352,TRUE,TRUE,6,7945,8.01506626919147,3.52166426782792,replicated
PNEUMONIA,272,2.27859988002895,2.01890380079369,TRUE,TRUE,0,40190,,,insufficient (a=0)
CONFUSIONAL STATE,256,4.70031730964175,4.14941457411276,TRUE,TRUE,11,11673,10.4547555499315,5.61292086862635,replicated
HYPERSENSITIVITY,254,3.74173350549299,3.30170092717365,TRUE,TRUE,13,14102,10.4075625321067,5.84018029310226,replicated
DYSPNOEA,238,1.15690594489666,1.0168461035505,TRUE,FALSE,1,50319,0.193985719848313,0.0270885413108158,discordant
PYREXIA,220,1.81635175690547,1.58843684648765,TRUE,FALSE,3,37296,0.808799709531751,0.256905506790111,discordant
FALL,205,1.70256305473702,1.48197473837877,TRUE,FALSE,1,21303,0.470272848201548,0.0656680776195464,discordant
PRODUCT QUALITY ISSUE,205,4.1963604869527,3.65240249260874,TRUE,TRUE,0,3069,,,insufficient (a=0)
DRY MOUTH,203,7.15063954310738,6.21905661044814,TRUE,TRUE,3,6176,5.02246049710816,1.59496315736128,replicated
DRUG INTOLERANCE,201,5.11999139943491,4.4502254729086,TRUE,TRUE,13,16333,8.96721753057659,5.03209623097347,replicated
SWELLING FACE,201,9.06174117146186,7.87542045407368,TRUE,TRUE,14,4569,35.3074467618002,20.1668042046148,replicated
DYSPHONIA,199,9.31502980430806,8.0899443235568,TRUE,TRUE,15,3852,45.3902196318146,26.3459807226224,replicated
WRONG TECHNIQUE IN PRODUCT USAGE PROCESS,193,2.20288539706215,1.90952862155729,TRUE,TRUE,0,,,,insufficient (a=0)
CONSTIPATION,190,2.34590058852002,2.03126266940471,TRUE,TRUE,1,13366,0.754806670440889,0.105397016477512,discordant
MYDRIASIS,186,46.6549952753058,40.2819263657459,TRUE,TRUE,3,740,42.2667131174594,13.3956692595298,replicated
SOMNOLENCE,185,2.62282030359691,2.26674313502814,TRUE,TRUE,1,14012,0.719597054905659,0.100480879226785,discordant
ABDOMINAL PAIN,181,2.21287155314978,1.90948311030858,TRUE,TRUE,5,31095,1.65577001956439,0.675554129507527,direction-consistent
ANGIOEDEMA,179,11.4475522701932,9.86727982011276,TRUE,TRUE,13,4173,35.5553217821782,19.9405611991484,replicated
TOXICITY TO VARIOUS AGENTS,178,2.57994914666974,2.2235191118903,TRUE,TRUE,4,5055,8.26664026925361,3.04708780457453,replicated
ANXIETY,174,1.74817163757283,1.50419558996805,TRUE,FALSE,3,16965,1.81063872503561,0.575096686285967,direction-consistent
SWOLLEN TONGUE,174,17.2545343495016,14.8391202072076,TRUE,TRUE,13,2728,54.5473770581478,30.5789214925438,replicated
ASTHENIA,172,1.2710016057309,1.09270540421954,TRUE,FALSE,3,29186,1.04107722841232,0.330681545337928,direction-consistent
HALLUCINATION,162,6.28629829784951,5.3793235625415,TRUE,TRUE,8,4093,21.2322671531835,10.3421427829223,replicated
WEIGHT DECREASED,162,1.60568703942624,1.37423555818089,TRUE,FALSE,2,25020,0.805341582631934,0.198931686764223,discordant
URINARY TRACT INFECTION,154,2.4099913379924,2.05449973721923,TRUE,TRUE,2,11626,1.75388973552256,0.433210184109446,direction-consistent
ACUTE KIDNEY INJURY,151,2.27942845358812,1.94020213149726,TRUE,TRUE,0,5342,,,insufficient (a=0)
HYPOTENSION,148,2.09750375876487,1.7825204560652,TRUE,TRUE,3,15296,2.01119219003218,0.638789774646153,direction-consistent
FEELING ABNORMAL,146,1.68495617952113,1.43038678386326,TRUE,FALSE,1,10476,0.965495596341901,0.134813734434193,discordant
DECREASED APPETITE,145,1.63229724616137,1.38491994712366,TRUE,FALSE,2,16759,1.2111686800399,0.299169090580907,direction-consistent
COUGH,144,1.34039259820677,1.13663011304925,TRUE,FALSE,1,29131,0.341520009478414,0.047689843202822,discordant
DEHYDRATION,142,3.16553078504056,2.68109477978953,TRUE,TRUE,2,6982,2.93268522308637,0.724315335414532,direction-consistent
SEIZURE,142,2.84830862411187,2.41244590512401,TRUE,TRUE,2,10354,1.97159279090307,0.486975696455924,direction-consistent
CONDITION AGGRAVATED,140,1.19866583412513,1.01412244837038,TRUE,FALSE,2,35595,0.560761847233204,0.138519009943772,discordant
PLATELET COUNT DECREASED,140,3.64720126062274,3.08541641757569,TRUE,TRUE,0,5016,,,insufficient (a=0)
WHITE BLOOD CELL COUNT INCREASED,130,10.4874294659169,8.81492102942693,TRUE,TRUE,0,2774,,,insufficient (a=0)
TACHYCARDIA,128,4.26165098329665,3.57809241789719,TRUE,TRUE,4,8467,4.91914537075827,1.81347805666037,replicated
THROMBOCYTOPENIA,127,3.27681497683863,2.74946586400942,TRUE,TRUE,0,5355,,,insufficient (a=0)
DRUG INTERACTION,122,2.25680272254007,1.88706235568587,TRUE,TRUE,2,8170,2.50354169581643,0.618343055527575,direction-consistent
HYPERTENSION,122,1.6266180598864,1.36015629960206,TRUE,FALSE,3,17292,1.77588155568374,0.564058136299861,direction-consistent
PRODUCT USE ISSUE,122,1.49138223101077,1.2470804212633,TRUE,FALSE,0,16167,,,insufficient (a=0)
SEPSIS,121,3.08505447871861,2.57766285772855,TRUE,TRUE,0,5239,,,insufficient (a=0)
HAEMOGLOBIN DECREASED,120,3.41661805082198,2.85255913804433,TRUE,TRUE,0,11284,,,insufficient (a=0)
WHITE BLOOD CELL COUNT DECREASED,118,2.92969754687698,2.44240785689699,TRUE,TRUE,0,5727,,,insufficient (a=0)
ANAEMIA,116,1.70084720767944,1.41583925470202,TRUE,FALSE,0,7513,,,insufficient (a=0)
NEUTROPHIL COUNT INCREASED,116,31.8230464820457,26.4589811026923,TRUE,TRUE,0,,,,insufficient (a=0)
VERTIGO,115,5.26101082069504,4.37538061688436,TRUE,TRUE,1,4139,2.45762349388572,0.343113060633733,direction-consistent
TREMOR,114,2.03296052342077,1.6896101035932,TRUE,TRUE,0,12813,,,insufficient (a=0)
NEUTROPENIA,107,2.09035642786072,1.72714091854333,TRUE,TRUE,0,8670,,,insufficient (a=0)
DRUG HYPERSENSITIVITY,106,1.33483554520494,1.10195560666674,TRUE,FALSE,1,8790,1.15240490677708,0.160909313349318,direction-consistent
CHEST PAIN,105,1.74017710008209,1.43526552152743,TRUE,FALSE,3,15891,1.93486159875888,0.614548365278277,direction-consistent
LOWER RESPIRATORY TRACT INFECTION,105,5.79635239446011,4.77991319885223,TRUE,TRUE,0,10313,,,insufficient (a=0)
AGITATION,96,4.12446362865712,3.3719236447356,TRUE,TRUE,0,5904,,,insufficient (a=0)
DYSPHAGIA,96,2.8490433312146,2.32934354895862,TRUE,TRUE,0,6196,,,insufficient (a=0)
GAIT DISTURBANCE,96,1.34075428357507,1.0962569418503,TRUE,FALSE,2,15506,1.31049590888987,0.323701627107507,direction-consistent
WITHDRAWAL SYNDROME,93,5.89068785724278,4.80019962959959,TRUE,TRUE,1,1941,5.25211203357358,0.733060609917927,direction-consistent
THERAPEUTIC RESPONSE UNEXPECTED,92,5.14391819536389,4.18721897572691,TRUE,TRUE,1,1190,8.57505749607389,1.19647885972048,replicated
APPLICATION SITE ERYTHEMA,91,9.64404622500255,7.8400549346728,TRUE,TRUE,0,554,,,insufficient (a=0)
HOSPITALISATION,90,1.41337550175373,1.14811797170142,TRUE,FALSE,0,,,,insufficient (a=0)
BALANCE DISORDER,89,2.86181529367549,2.32189201925805,TRUE,TRUE,0,5555,,,insufficient (a=0)
GENERAL PHYSICAL HEALTH DETERIORATION,87,2.02635358638973,1.64023614183506,TRUE,TRUE,0,10716,,,insufficient (a=0)
NEUTROPHIL COUNT DECREASED,87,5.74467241199969,4.64924106739834,TRUE,TRUE,0,2810,,,insufficient (a=0)
APPLICATION SITE PRURITUS,86,10.3493220822709,8.3639109301674,TRUE,TRUE,0,,,,insufficient (a=0)
LOSS OF CONSCIOUSNESS,85,2.03759743100897,1.64530865167951,TRUE,TRUE,1,8214,1.23384683681925,0.172279639356871,direction-consistent
FEBRILE NEUTROPENIA,83,3.40150134610036,2.73950101528799,TRUE,TRUE,1,4942,2.05677794434504,0.287161323511052,direction-consistent
VISUAL IMPAIRMENT,83,1.70526629405078,1.37349723103679,TRUE,FALSE,2,7004,2.9234147386461,0.722026155225077,direction-consistent
HYPERHIDROSIS,82,1.8598350081031,1.49603463689886,TRUE,FALSE,9,12260,7.98342059540329,4.04053242709805,replicated
MALIGNANT NEOPLASM PROGRESSION,81,1.97654168788335,1.58779756713742,TRUE,FALSE,2,7841,2.60936389481166,0.644475248610445,direction-consistent
DISORIENTATION,79,6.42174656091605,5.14357197974582,TRUE,TRUE,6,2821,22.7056048944148,9.97106205702332,replicated
INFECTION,78,1.3995569438313,1.11969245846426,TRUE,FALSE,0,13170,,,insufficient (a=0)
ALANINE AMINOTRANSFERASE INCREASED,75,4.17219651080656,3.32286894665989,TRUE,TRUE,0,4642,,,insufficient (a=0)
PARAESTHESIA,75,1.36227637738323,1.08511146522691,TRUE,FALSE,0,12245,,,insufficient (a=0)
CHEST DISCOMFORT,74,2.01753722108367,1.60456580828277,TRUE,TRUE,0,12181,,,insufficient (a=0)
RESPIRATORY FAILURE,74,3.02757096413896,2.40773313502713,TRUE,TRUE,0,2066,,,insufficient (a=0)
PULMONARY EMBOLISM,72,2.36991046281937,1.87888873350174,TRUE,TRUE,0,5509,,,insufficient (a=0)
MIGRAINE,71,1.97060065314212,1.55982369297238,TRUE,FALSE,0,,,,insufficient (a=0)
SALIVARY HYPERSECRETION,71,20.6354424879029,16.318375969788,TRUE,TRUE,1,1012,10.0863685302382,1.40714905647301,replicated
ELECTROCARDIOGRAM QT PROLONGED,70,5.30502610729266,4.19154161178782,TRUE,TRUE,0,1549,,,insufficient (a=0)
MEMORY IMPAIRMENT,70,1.32807201143679,1.04953478194142,TRUE,FALSE,0,5151,,,insufficient (a=0)
ABDOMINAL DISTENSION,69,1.82186138223531,1.43730158011864,TRUE,FALSE,0,8851,,,insufficient (a=0)
APPLICATION SITE RASH,69,13.2046011093746,10.4112194180267,TRUE,TRUE,0,,,,insufficient (a=0)
CARDIAC ARREST,69,2.63448251472829,2.07830641341573,TRUE,TRUE,1,2907,3.50328584740756,0.489050906135439,direction-consistent
INFLUENZA,69,1.5346617578845,1.21074230547036,TRUE,FALSE,0,11680,,,insufficient (a=0)
APPLICATION SITE IRRITATION,68,15.5086922305928,12.2053337830142,TRUE,TRUE,0,,,,insufficient (a=0)
DELIRIUM,68,5.62365574347687,4.42809853901531,TRUE,TRUE,0,2488,,,insufficient (a=0)
RENAL FAILURE,67,1.48926428688389,1.1708460438797,TRUE,FALSE,0,4224,,,insufficient (a=0)
INTENTIONAL PRODUCT MISUSE,64,1.68071972003125,1.31407092437219,TRUE,FALSE,0,2189,,,insufficient (a=0)
MENTAL IMPAIRMENT,64,7.50332943632576,5.86463785337626,TRUE,TRUE,0,1111,,,insufficient (a=0)
SPEECH DISORDER,63,3.49754032982336,2.72901132402334,TRUE,TRUE,1,3395,2.9982999671466,0.418576204387212,direction-consistent
HYPOKALAEMIA,62,3.87711210675213,3.01914050911181,TRUE,TRUE,0,1731,,,insufficient (a=0)
INTESTINAL OBSTRUCTION,62,4.42206405985675,3.44339644445074,TRUE,TRUE,0,5610,,,insufficient (a=0)
GASTROINTESTINAL DISORDER,61,1.77851642224102,1.38230365397442,TRUE,FALSE,16,7876,23.7928649322324,14.0192580260809,replicated
PNEUMONIA ASPIRATION,61,6.86348600978491,5.33295972604878,TRUE,TRUE,0,860,,,insufficient (a=0)
AMNESIA,59,2.78444743684949,2.15493686930146,TRUE,TRUE,1,3639,2.79661099407921,0.390427040274454,direction-consistent
LETHARGY,58,2.9814298554892,2.30232703469084,TRUE,TRUE,0,4199,,,insufficient (a=0)
MUSCULAR WEAKNESS,58,1.43629134997597,1.10923362733364,TRUE,FALSE,0,7771,,,insufficient (a=0)
PALPITATIONS,58,1.41615058983486,1.09368036686173,TRUE,FALSE,1,9533,1.06188748472774,0.148271725852832,direction-consistent
PLEURAL EFFUSION,58,2.80120236277904,2.16317343243477,TRUE,TRUE,0,2992,,,insufficient (a=0)
DRUG WITHDRAWAL SYNDROME,57,1.83896684624017,1.41700538266735,TRUE,FALSE,0,1664,,,insufficient (a=0)
INCORRECT DRUG ADMINISTRATION DURATION,57,6.0094665467516,4.62945536670232,TRUE,TRUE,0,,,,insufficient (a=0)
OROPHARYNGEAL PAIN,57,1.58186460175803,1.2189146563152,TRUE,FALSE,0,11477,,,insufficient (a=0)
HEART RATE INCREASED,55,1.61250864467691,1.23674524612265,TRUE,FALSE,1,12464,0.810075700178724,0.113113879660207,discordant
HYPONATRAEMIA,55,2.86817668811288,2.19964357919036,TRUE,TRUE,0,2193,,,insufficient (a=0)
APPLICATION SITE PAIN,54,6.10915727743728,4.67293885933945,TRUE,TRUE,0,,,,insufficient (a=0)
OEDEMA PERIPHERAL,54,1.60721439015144,1.22969552827968,TRUE,FALSE,0,8457,,,insufficient (a=0)
SUICIDAL IDEATION,54,1.82673243285283,1.39763288807081,TRUE,FALSE,16,5386,34.901014707559,20.5600103713431,replicated
SYNCOPE,54,1.57551831119057,1.20544679490262,TRUE,FALSE,0,7155,,,insufficient (a=0)
URINARY RETENTION,54,4.57049972329592,3.49632477434054,TRUE,TRUE,0,1938,,,insufficient (a=0)
COLITIS,53,3.65764449485413,2.79118136463766,TRUE,TRUE,2,2787,7.37703898435496,1.82144304518373,replicated
GASTROOESOPHAGEAL REFLUX DISEASE,53,1.85078203139903,1.41249995883618,TRUE,FALSE,0,,,,insufficient (a=0)
SEPTIC SHOCK,53,3.41259627816407,2.60422076363741,TRUE,TRUE,0,1348,,,insufficient (a=0)
UPPER RESPIRATORY TRACT INFECTION,53,3.04756373323694,2.32570751121265,TRUE,TRUE,0,,,,insufficient (a=0)
ANTIPSYCHOTIC DRUG LEVEL INCREASED,52,55.0228384754522,41.7525908483645,TRUE,TRUE,0,,,,insufficient (a=0)
CHRONIC KIDNEY DISEASE,52,1.54616201778586,1.17701097441127,TRUE,FALSE,0,,,,insufficient (a=0)
INTENTIONAL PRODUCT USE ISSUE,52,1.34654362789313,1.0250643772971,TRUE,FALSE,0,12864,,,insufficient (a=0)
NEUROLEPTIC MALIGNANT SYNDROME,52,13.8727351736799,10.5527806611961,TRUE,TRUE,0,,,,insufficient (a=0)
ADVERSE DRUG REACTION,51,1.38685361511979,1.0529605107283,TRUE,FALSE,0,,,,insufficient (a=0)
DISTURBANCE IN ATTENTION,51,2.72876491646083,2.07163042703966,TRUE,TRUE,0,,,,insufficient (a=0)
DYSKINESIA,51,3.91907015558779,2.97507480680342,TRUE,TRUE,1,1856,5.49318035445937,0.766689922164736,direction-consistent
HYPOXIA,51,4.16233083556246,3.15969419206292,TRUE,TRUE,1,2232,4.56589965212631,0.637324696288943,direction-consistent
DIABETES MELLITUS,50,2.06881081657826,1.56639598363293,TRUE,TRUE,0,,,,insufficient (a=0)
GASTROINTESTINAL HAEMORRHAGE,50,1.63833902533473,1.24049780218896,TRUE,FALSE,0,5246,,,insufficient (a=0)
CONTRAINDICATED PRODUCT ADMINISTERED,49,3.7135487775129,2.80354106928761,TRUE,TRUE,0,4206,,,insufficient (a=0)
LEUKOCYTOSIS,49,8.21654168371213,6.20134725755356,TRUE,TRUE,0,,,,insufficient (a=0)
STOMATITIS,49,2.10979729629037,1.5929479068157,TRUE,TRUE,0,3532,,,insufficient (a=0)
BLOOD ALKALINE PHOSPHATASE INCREASED,48,7.21199637545369,5.42776647768796,TRUE,TRUE,0,1954,,,insufficient (a=0)
BLOOD CREATININE INCREASED,48,2.25786493321245,1.69980051455316,TRUE,TRUE,0,5430,,,insufficient (a=0)
HEPATIC STEATOSIS,48,7.87836547800943,5.92903097872369,TRUE,TRUE,0,,,,insufficient (a=0)
LYMPHOCYTE COUNT DECREASED,48,6.87751814819088,5.17614537597864,TRUE,TRUE,0,,,,insufficient (a=0)
BRADYCARDIA,47,2.64128915234211,1.98247890450425,TRUE,TRUE,1,4250,2.39318986039401,0.334119427569428,direction-consistent
DIFFERENTIAL WHITE BLOOD CELL COUNT ABNORMAL,46,69.3953219933059,51.7066510921777,TRUE,TRUE,0,,,,insufficient (a=0)
DYSURIA,46,3.5931030187006,2.68841796871657,TRUE,TRUE,0,,,,insufficient (a=0)
BRONCHITIS,45,1.63733572453821,1.22133777066479,TRUE,FALSE,0,7641,,,insufficient (a=0)
SURGERY,44,1.96660584069133,1.4620955572694,TRUE,FALSE,0,,,,insufficient (a=0)
UNRESPONSIVE TO STIMULI,44,5.02472487465692,3.73494331176447,TRUE,TRUE,0,1265,,,insufficient (a=0)
ACUTE RESPIRATORY FAILURE,42,5.80956092086405,4.28822290818286,TRUE,TRUE,0,,,,insufficient (a=0)
AKATHISIA,42,9.91130668517728,7.31384906807601,TRUE,TRUE,18,1075,204.396464049196,123.104585372469,replicated
HIGH DENSITY LIPOPROTEIN DECREASED,42,56.087238153321,41.2617091671037,TRUE,TRUE,0,,,,insufficient (a=0)
C-REACTIVE PROTEIN INCREASED,41,3.13760399027498,2.3079198309779,TRUE,TRUE,0,5427,,,insufficient (a=0)
DYSARTHRIA,41,3.31224338723386,2.43635011873502,TRUE,TRUE,1,2118,4.81224892463454,0.671695198656466,direction-consistent
GENERALISED TONIC-CLONIC SEIZURE,41,5.73182091290257,4.21540182022668,TRUE,TRUE,0,1629,,,insufficient (a=0)
EYE PAIN,40,1.89797616611546,1.39091922451202,TRUE,FALSE,1,3305,3.08021384645053,0.430008384776895,direction-consistent
PLATELET COUNT INCREASED,40,8.72130861941618,6.38836665957154,TRUE,TRUE,0,,,,insufficient (a=0)
PSYCHOTIC DISORDER,40,4.28460910228091,3.13943380831504,TRUE,TRUE,0,2598,,,insufficient (a=0)
RED BLOOD CELL COUNT DECREASED,40,3.80668496716239,2.78933889492373,TRUE,TRUE,0,2120,,,insufficient (a=0)
SCHIZOPHRENIA,40,8.69184457303345,6.36679705787041,TRUE,TRUE,0,,,,insufficient (a=0)
TREATMENT NONCOMPLIANCE,40,2.00943653270653,1.47259096282019,TRUE,TRUE,0,,,,insufficient (a=0)
APPLICATION SITE REACTION,39,20.0973860767585,14.6518365384758,TRUE,TRUE,1,1933,5.27389655361952,0.736099639598567,direction-consistent
BLISTER,39,1.85508115393021,1.3541425890206,TRUE,FALSE,0,3767,,,insufficient (a=0)
CHOLELITHIASIS,39,3.92436632681274,2.86423494839229,TRUE,TRUE,0,,,,insufficient (a=0)
CHRONIC OBSTRUCTIVE PULMONARY DISEASE,39,2.06779777655509,1.50939578750541,TRUE,TRUE,0,3176,,,insufficient (a=0)
LEUKOPENIA,39,2.23374395976002,1.63050996353186,TRUE,TRUE,0,3569,,,insufficient (a=0)
OXYGEN SATURATION DECREASED,39,1.84124914821885,1.34404701267743,TRUE,FALSE,0,7466,,,insufficient (a=0)
ANTICHOLINERGIC SYNDROME,38,64.2767384975798,46.5246173969452,TRUE,TRUE,2,96,219.075607902736,53.3368993326819,replicated
ASPIRATION,38,10.5437661893972,7.66044249819934,TRUE,TRUE,0,502,,,insufficient (a=0)
BLOOD TRIGLYCERIDES INCREASED,38,7.69576481004414,5.5923810921014,TRUE,TRUE,0,,,,insufficient (a=0)
HYPOPHAGIA,37,3.86867315710329,2.80009725788013,TRUE,TRUE,0,1631,,,insufficient (a=0)
PULMONARY OEDEMA,37,2.41760146440281,1.75001074278048,TRUE,TRUE,0,3461,,,insufficient (a=0)
VIRAL INFECTION,37,3.01587353489115,2.18298426483658,TRUE,TRUE,0,3388,,,insufficient (a=0)
ASPARTATE AMINOTRANSFERASE INCREASED,36,2.39540977030635,1.72627389128391,TRUE,TRUE,0,3783,,,insufficient (a=0)
NEUTROPHILIA,36,15.9686082199553,11.4966518899371,TRUE,TRUE,0,,,,insufficient (a=0)
HYPERGLYCAEMIA,35,2.93652908336171,2.10638630422807,TRUE,TRUE,0,2501,,,insufficient (a=0)
RASH ERYTHEMATOUS,35,2.03684649448826,1.46113610338858,TRUE,TRUE,1,9521,1.06323715326839,0.148460161396812,direction-consistent
RESPIRATORY DISTRESS,35,3.83974981666338,2.75408843197516,TRUE,TRUE,1,1502,6.79079433769817,0.947681967545904,direction-consistent
MENTAL STATUS CHANGES,34,3.94080045599734,2.8129265408354,TRUE,TRUE,0,257,,,insufficient (a=0)
PANCYTOPENIA,34,1.75843519824035,1.25536740549182,TRUE,FALSE,0,2075,,,insufficient (a=0)
BLOOD PRESSURE DECREASED,33,1.45361725034647,1.03255465860557,TRUE,FALSE,2,6482,3.16035052910053,0.780532319128611,direction-consistent
LIVER FUNCTION TEST ABNORMAL,33,4.10265555179287,2.91367505727775,TRUE,TRUE,0,,,,insufficient (a=0)
RESTLESSNESS,33,2.64923354678475,1.88167229389246,TRUE,TRUE,0,,,,insufficient (a=0)
ABNORMAL BEHAVIOUR,32,2.79023574863717,1.97135978919529,TRUE,TRUE,0,,,,insufficient (a=0)
AGGRESSION,32,2.12778974792057,1.50340429535607,TRUE,TRUE,1,3054,3.33417877091733,0.465451457894527,direction-consistent
ASCITES,32,3.13337975178751,2.21373989603198,TRUE,TRUE,0,1355,,,insufficient (a=0)
DEEP VEIN THROMBOSIS,32,1.55046983678363,1.09554353737125,TRUE,FALSE,0,,,,insufficient (a=0)
HAEMATOCHEZIA,32,1.52324971531453,1.07631237233299,TRUE,FALSE,0,9599,,,insufficient (a=0)
PANCREATITIS,32,1.94097381092317,1.37142789078326,TRUE,FALSE,2,3611,5.68865039781499,1.40472611404185,replicated
PRESCRIPTION DRUG USED WITHOUT A PRESCRIPTION,32,12.0180385374241,8.48499043097069,TRUE,TRUE,0,,,,insufficient (a=0)
RED CELL DISTRIBUTION WIDTH INCREASED,32,19.3274325129251,13.6379474700616,TRUE,TRUE,0,,,,insufficient (a=0)
CARDIO-RESPIRATORY ARREST,31,2.41916665208903,1.69980437501178,TRUE,TRUE,0,,,,insufficient (a=0)
FLUID RETENTION,31,1.5981301093952,1.12298279013582,TRUE,FALSE,0,,,,insufficient (a=0)
BLOOD POTASSIUM DECREASED,30,2.9073841577739,2.03093097421769,TRUE,TRUE,0,,,,insufficient (a=0)
CARDIOMEGALY,30,9.1637464876514,6.39809275499058,TRUE,TRUE,0,,,,insufficient (a=0)
CELLULITIS,30,1.65165028004423,1.15386256492666,TRUE,FALSE,0,7152,,,insufficient (a=0)
CYTOKINE RELEASE SYNDROME,30,3.62224951299491,2.53015130505793,TRUE,TRUE,0,342,,,insufficient (a=0)
DIPLOPIA,30,3.39776635399422,2.37339143361795,TRUE,TRUE,0,,,,insufficient (a=0)
"HALLUCINATION, VISUAL",30,4.18320213726328,2.92184834051847,TRUE,TRUE,1,1354,7.53458391381983,1.05140598229378,replicated
NEPHROLITHIASIS,30,1.74897781543525,1.22184730973003,TRUE,FALSE,2,5126,4.0014218802275,0.988201749422547,direction-consistent
COMA,29,1.84392810976047,1.28032578217118,TRUE,FALSE,1,1643,6.20690287044722,0.866245960440813,direction-consistent
DRUG ADMINISTERED TO PATIENT OF INAPPROPRIATE AGE,29,9.23336417138968,6.40734015274882,TRUE,TRUE,0,,,,insufficient (a=0)
HEAD INJURY,29,2.54907050643104,1.76983854889966,TRUE,TRUE,0,,,,insufficient (a=0)
SEDATION,29,3.13650687471175,2.1775967950087,TRUE,TRUE,0,,,,insufficient (a=0)
ARRHYTHMIA,28,1.83395434154463,1.26523577434322,TRUE,FALSE,1,2783,3.65982962534116,0.510896424745976,direction-consistent
COLITIS ULCERATIVE,28,1.553130855981,1.07152179034287,TRUE,FALSE,0,10508,,,insufficient (a=0)
DRUG EFFECTIVE FOR UNAPPROVED INDICATION,28,2.18383948495771,1.50657646949654,TRUE,TRUE,0,,,,insufficient (a=0)
GAIT INABILITY,28,1.92684078091912,1.32930751701996,TRUE,FALSE,2,3589,5.72364988649488,1.41336540939765,replicated
HAEMATURIA,28,2.32068335594829,1.60096365864513,TRUE,TRUE,0,1887,,,insufficient (a=0)
HYPERLIPIDAEMIA,28,8.74180143130323,6.02750680161107,TRUE,TRUE,0,,,,insufficient (a=0)
LUNG DISORDER,28,1.54830008907884,1.06818941573593,TRUE,FALSE,0,3923,,,insufficient (a=0)
MOTION SICKNESS,28,41.3961478205082,28.4667609942469,TRUE,TRUE,1,80,129.184384451664,17.8191617458439,replicated
PRESCRIBED OVERDOSE,28,3.72861345917138,2.57195135509603,TRUE,TRUE,0,,,,insufficient (a=0)
PRODUCTIVE COUGH,28,1.48699348569119,1.02589847476802,TRUE,FALSE,0,,,,insufficient (a=0)
STEVENS-JOHNSON SYNDROME,28,4.59506057881499,3.1693904407986,TRUE,TRUE,0,1222,,,insufficient (a=0)
URINARY INCONTINENCE,28,2.77810422058022,1.91645139740429,TRUE,TRUE,2,1857,11.0844532152484,2.73615339913488,replicated
APHASIA,27,2.56526035937906,1.75768042102313,TRUE,TRUE,0,1619,,,insufficient (a=0)
COGNITIVE DISORDER,27,1.54246145497191,1.05696336964181,TRUE,FALSE,0,,,,insufficient (a=0)
DIABETIC KETOACIDOSIS,27,2.9980086193547,2.05411912331001,TRUE,TRUE,0,,,,insufficient (a=0)
HAEMATOCRIT DECREASED,27,4.75621982866463,3.25829820649415,TRUE,TRUE,0,1493,,,insufficient (a=0)
PRODUCT INEFFECTIVE FOR UNAPPROVED USE,27,44.8984537642081,30.6555752263166,TRUE,TRUE,0,,,,insufficient (a=0)
RETCHING,27,3.55244595877686,2.43388522914631,TRUE,TRUE,2,980,21.0402059596845,5.19024636859953,replicated
TINNITUS,27,1.66347467734817,1.1398754876273,TRUE,FALSE,0,3344,,,insufficient (a=0)
ARTERIOSCLEROSIS CORONARY ARTERY,26,13.2427797353233,9.00068821835693,TRUE,TRUE,0,,,,insufficient (a=0)
BLOOD UREA INCREASED,26,6.04265762125908,4.10951594316995,TRUE,TRUE,0,,,,insufficient (a=0)
MUSCLE RIGIDITY,26,6.37700591462444,4.3367774368257,TRUE,TRUE,0,,,,insufficient (a=0)
APPLICATION SITE BURN,25,13.6335240590807,9.19558907085105,TRUE,TRUE,0,,,,insufficient (a=0)
DELUSION,25,4.74342332349576,3.20183168199375,TRUE,TRUE,1,666,15.3389180916894,2.13885854213902,replicated
DEPRESSED LEVEL OF CONSCIOUSNESS,25,1.99823401009761,1.34913868428603,TRUE,FALSE,1,2444,4.16890954469878,0.58193346905302,direction-consistent
EOSINOPHILIA,25,4.04940724449745,2.73353263275853,TRUE,TRUE,0,,,,insufficient (a=0)
OSTEOARTHRITIS,25,1.5814721851338,1.06779417073323,TRUE,FALSE,0,4087,,,insufficient (a=0)
PARANOIA,25,4.74863716906652,3.20534959847413,TRUE,TRUE,0,1321,,,insufficient (a=0)
SEROTONIN SYNDROME,25,3.69253868440564,2.49270756737731,TRUE,TRUE,0,,,,insufficient (a=0)
SMALL INTESTINAL OBSTRUCTION,25,5.71494497591528,3.85728745347121,TRUE,TRUE,0,1047,,,insufficient (a=0)
APPLICATION SITE VESICLES,24,9.73033836037404,6.51229044385094,TRUE,TRUE,0,,,,insufficient (a=0)
DYSSTASIA,24,2.26946419658864,1.51990523863422,TRUE,TRUE,0,2440,,,insufficient (a=0)
GAMMA-GLUTAMYLTRANSFERASE INCREASED,24,3.86685749993357,2.58934417345004,TRUE,TRUE,0,1482,,,insufficient (a=0)
HEART RATE DECREASED,24,1.85997958628243,1.24571054014447,TRUE,FALSE,0,7237,,,insufficient (a=0)
PHOTOPHOBIA,24,3.51663014666224,2.35489638606982,TRUE,TRUE,1,1426,7.15344201210992,0.998256275451353,direction-consistent
PNEUMOTHORAX,24,4.1004348158529,2.74569646448727,TRUE,TRUE,0,,,,insufficient (a=0)
PRE-EXISTING CONDITION IMPROVED,24,8.90035918189208,5.95724272738028,TRUE,TRUE,0,,,,insufficient (a=0)
BODY TEMPERATURE INCREASED,23,3.42102206971104,2.27127826870116,TRUE,TRUE,0,3327,,,insufficient (a=0)
CYSTITIS,23,1.97012790491365,1.30817555081698,TRUE,FALSE,0,4792,,,insufficient (a=0)
EPILEPSY,23,2.06584900397194,1.37172296890401,TRUE,TRUE,0,,,,insufficient (a=0)
IMMUNODEFICIENCY,23,3.71005826060575,2.46311006734221,TRUE,TRUE,0,,,,insufficient (a=0)
MUSCLE TWITCHING,23,2.94339337674512,1.95425658917268,TRUE,TRUE,0,,,,insufficient (a=0)
ORTHOSTATIC HYPOTENSION,23,3.86845966375496,2.56823598162595,TRUE,TRUE,0,,,,insufficient (a=0)
PANIC ATTACK,23,1.86827397371742,1.24055545059594,TRUE,FALSE,0,,,,insufficient (a=0)
BLOOD BILIRUBIN INCREASED,22,2.69372127757839,1.77218898090858,TRUE,TRUE,0,2009,,,insufficient (a=0)
BLOOD CREATINE PHOSPHOKINASE INCREASED,22,2.78803710406483,1.83422296232102,TRUE,TRUE,0,,,,insufficient (a=0)
CHOKING,22,3.0372280532427,1.99811713570273,TRUE,TRUE,1,1494,6.82722913418964,0.952763268765961,direction-consistent
DROOLING,22,9.04610463954059,5.94789556933369,TRUE,TRUE,0,,,,insufficient (a=0)
FEEDING DISORDER,22,2.57096726292026,1.69144883575445,TRUE,TRUE,0,1476,,,insufficient (a=0)
HEAD DISCOMFORT,22,3.03853631506218,1.99897756627114,TRUE,TRUE,0,1643,,,insufficient (a=0)
HYPERSOMNIA,22,2.10843191985153,1.38720463171676,TRUE,TRUE,0,,,,insufficient (a=0)
PRODUCT COMPLAINT,22,2.00753761222502,1.32083540705289,TRUE,TRUE,1,2400,4.24553372164656,0.59262501297631,direction-consistent
PROGRESSIVE MULTIPLE SCLEROSIS,22,55.3331679884299,36.227235695652,TRUE,TRUE,0,,,,insufficient (a=0)
ACCIDENTAL DEATH,21,40.1808994517123,26.0837751839419,TRUE,TRUE,4,144,299.524155844156,108.948538727504,replicated
DEMENTIA,21,1.97718867612406,1.28815349799785,TRUE,FALSE,0,1245,,,insufficient (a=0)
DERMATITIS CONTACT,21,4.93931085508037,3.21709406704618,TRUE,TRUE,0,,,,insufficient (a=0)
DEVICE RELATED INFECTION,21,3.51301733571267,2.28842391103561,TRUE,TRUE,0,,,,insufficient (a=0)
EOSINOPHIL COUNT DECREASED,21,22.708101107745,14.7654756703451,TRUE,TRUE,0,,,,insufficient (a=0)
EYE DISORDER,21,1.72855377526103,1.12619255073627,TRUE,FALSE,0,,,,insufficient (a=0)
GASTRITIS,21,2.404696250208,1.56661435449601,TRUE,TRUE,0,1295,,,insufficient (a=0)
HIATUS HERNIA,21,4.85741079425546,3.1637751385464,TRUE,TRUE,0,647,,,insufficient (a=0)
PRODUCT ADMINISTRATION INTERRUPTED,21,6.25189182897632,4.07150314907663,TRUE,TRUE,0,,,,insufficient (a=0)
SCAR,21,3.57319194803175,2.32760912043212,TRUE,TRUE,0,,,,insufficient (a=0)
SUPRAVENTRICULAR TACHYCARDIA,21,6.91639330994831,4.50397145337138,TRUE,TRUE,0,421,,,insufficient (a=0)
ENCEPHALOPATHY,20,2.34532119730542,1.51190017416873,TRUE,TRUE,0,752,,,insufficient (a=0)
LIMB DISCOMFORT,20,1.57097117777269,1.01279542405715,TRUE,FALSE,0,2709,,,insufficient (a=0)
PERICARDIAL EFFUSION,20,2.44554584984288,1.57649414662362,TRUE,TRUE,0,1216,,,insufficient (a=0)
SINUS TACHYCARDIA,20,4.51530311283299,2.91015433638411,TRUE,TRUE,0,,,,insufficient (a=0)
TYPE 2 DIABETES MELLITUS,20,1.61985784424249,1.04430738790756,TRUE,FALSE,0,,,,insufficient (a=0)
ANTIPSYCHOTIC DRUG LEVEL DECREASED,19,84.4009397404091,53.3581190168719,TRUE,TRUE,0,,,,insufficient (a=0)
DIASTOLIC DYSFUNCTION,19,18.8866144626722,12.017601918113,TRUE,TRUE,0,137,,,insufficient (a=0)
DRY THROAT,19,5.08672811666297,3.24115174626099,TRUE,TRUE,0,,,,insufficient (a=0)
GLOMERULAR FILTRATION RATE DECREASED,19,3.94254033186374,2.51238722467997,TRUE,TRUE,0,,,,insufficient (a=0)
"HALLUCINATION, AUDITORY",19,3.58891406816999,2.28711931261452,TRUE,TRUE,0,978,,,insufficient (a=0)
HEPATITIS C,19,4.50170732284311,2.86855677633515,TRUE,TRUE,0,,,,insufficient (a=0)
INTENTIONAL SELF-INJURY,19,2.38217901562748,1.51828211793599,TRUE,TRUE,0,,,,insufficient (a=0)
MOUTH ULCERATION,19,2.5082004714441,1.59858179511744,TRUE,TRUE,0,2327,,,insufficient (a=0)
MUCOSAL INFLAMMATION,19,2.04367687178952,1.30258175719863,TRUE,TRUE,1,975,10.4698624411695,1.46059676258051,replicated
MYOCARDITIS,19,4.27523797740678,2.72430862001205,TRUE,TRUE,0,1910,,,insufficient (a=0)
NERVOUS SYSTEM DISORDER,19,2.3734238267164,1.51270331948347,TRUE,TRUE,0,,,,insufficient (a=0)
PREMATURE BABY,19,1.72602692492186,1.10015557402671,TRUE,FALSE,0,,,,insufficient (a=0)
STAPHYLOCOCCAL INFECTION,19,1.76026905786668,1.12197739547645,TRUE,FALSE,0,1889,,,insufficient (a=0)
DYSTONIA,18,4.19474001933895,2.64030832288187,TRUE,TRUE,0,1299,,,insufficient (a=0)
EAR INFECTION,18,1.72368770356739,1.08522121456249,TRUE,FALSE,0,3165,,,insufficient (a=0)
EATING DISORDER,18,2.29812984075569,1.44680051365182,TRUE,TRUE,2,1578,13.0499002900653,3.22089418803295,replicated
HYPOCALCAEMIA,18,2.63752600002696,1.66041144602465,TRUE,TRUE,0,,,,insufficient (a=0)
IMPAIRED GASTRIC EMPTYING,18,3.55170936416654,2.23571097976778,TRUE,TRUE,0,305,,,insufficient (a=0)
METASTASES TO CENTRAL NERVOUS SYSTEM,18,3.68148109899074,2.31736814848208,TRUE,TRUE,0,561,,,insufficient (a=0)
MUSCLE SPASTICITY,18,4.10859025963552,2.58610566053359,TRUE,TRUE,2,1008,20.4540968474865,5.04586069315816,replicated
MYOCARDIAL ISCHAEMIA,18,5.79357943957579,3.64607298882034,TRUE,TRUE,0,,,,insufficient (a=0)
PALLOR,18,1.92112501805582,1.20950180364322,TRUE,FALSE,1,4170,2.43928320494505,0.340553138224972,direction-consistent
PARKINSONISM,18,5.40182025731779,3.39966375928016,TRUE,TRUE,0,,,,insufficient (a=0)
PNEUMONITIS,18,1.73749373273658,1.09391184009877,TRUE,FALSE,0,2068,,,insufficient (a=0)
TRICUSPID VALVE INCOMPETENCE,18,7.90683338522315,4.97492921364436,TRUE,TRUE,0,176,,,insufficient (a=0)
ALTERED STATE OF CONSCIOUSNESS,17,2.11445428586309,1.31349263196508,TRUE,TRUE,0,,,,insufficient (a=0)
ANTIPSYCHOTIC DRUG LEVEL ABOVE THERAPEUTIC,17,57.8808583547142,35.7455751727717,TRUE,TRUE,0,,,,insufficient (a=0)
APHONIA,17,3.19258649233671,1.98299934912325,TRUE,TRUE,0,,,,insufficient (a=0)
CONVULSION,17,2.43673007327537,1.51363786635761,TRUE,TRUE,0,,,,insufficient (a=0)
EMPHYSEMA,17,5.0915445207221,3.16185821908652,TRUE,TRUE,0,,,,insufficient (a=0)
FAILURE TO SUSPEND MEDICATION,17,204.290848993366,124.281024595198,TRUE,TRUE,3,19,1948.12837837838,559.771962634363,replicated
FIBROMYALGIA,17,1.85009542565241,1.14930579064326,TRUE,FALSE,0,,,,insufficient (a=0)
HAEMATEMESIS,17,2.00713732754667,1.24684179150518,TRUE,TRUE,0,1733,,,insufficient (a=0)
HEPATIC CIRRHOSIS,17,2.49573293525716,1.55027936009485,TRUE,TRUE,0,,,,insufficient (a=0)
HYPERCHOLESTEROLAEMIA,17,5.33342440131987,3.31198151296546,TRUE,TRUE,0,,,,insufficient (a=0)
HYPOTHERMIA,17,4.86505665009303,3.02128106457051,TRUE,TRUE,0,406,,,insufficient (a=0)
IMPAIRED DRIVING ABILITY,17,4.7600917176468,2.95612884463389,TRUE,TRUE,0,366,,,insufficient (a=0)
PARKINSON'S DISEASE,17,2.32571601068243,1.44469554793025,TRUE,TRUE,0,668,,,insufficient (a=0)
PRESYNCOPE,17,1.88290703764519,1.1696847809646,TRUE,FALSE,0,,,,insufficient (a=0)
PUPIL FIXED,17,42.2575654660249,26.1397143029449,TRUE,TRUE,0,,,,insufficient (a=0)
RENAL FAILURE ACUTE,17,2.88848596289606,1.79417212661153,TRUE,TRUE,0,,,,insufficient (a=0)
RESPIRATORY TRACT INFECTION,17,1.67907776069478,1.04308600609745,TRUE,FALSE,0,,,,insufficient (a=0)
SPINAL OSTEOARTHRITIS,17,5.58140981804774,3.46588626776771,TRUE,TRUE,0,,,,insufficient (a=0)
TACHYPNOEA,17,3.59305740578748,2.23164800001108,TRUE,TRUE,1,1082,9.43265413047571,1.31603157625379,replicated
ACTIVATED PARTIAL THROMBOPLASTIN TIME PROLONGED,16,13.1187688756229,8.02144486558342,TRUE,TRUE,0,,,,insufficient (a=0)
ACTIVITIES OF DAILY LIVING IMPAIRED,16,3.46245489987433,2.11933500770361,TRUE,TRUE,0,,,,insufficient (a=0)
AGRANULOCYTOSIS,16,2.42675955123198,1.48556342053652,TRUE,TRUE,0,,,,insufficient (a=0)
ATELECTASIS,16,5.54082763783234,3.39071982506129,TRUE,TRUE,0,597,,,insufficient (a=0)
BACTERAEMIA,16,3.67770000204266,2.25103170745357,TRUE,TRUE,0,,,,insufficient (a=0)
BEDRIDDEN,16,3.41828769528789,2.09231074919772,TRUE,TRUE,0,,,,insufficient (a=0)
BLOOD CALCIUM DECREASED,16,4.10853094484043,2.51461505531893,TRUE,TRUE,0,,,,insufficient (a=0)
DISABILITY,16,2.02314641344988,1.2385423092576,TRUE,TRUE,0,,,,insufficient (a=0)
FOOT FRACTURE,16,2.26473790063719,1.38640481575798,TRUE,TRUE,2,1412,14.5883738601824,3.60024131395408,replicated
NEURALGIA,16,1.70156280278283,1.04170973581639,TRUE,FALSE,0,1802,,,insufficient (a=0)
PRODUCT ADMINISTERED AT INAPPROPRIATE SITE,16,2.00572891346447,1.22788188470141,TRUE,TRUE,0,,,,insufficient (a=0)
RESPIRATORY ARREST,16,2.17536303630376,1.33170515464499,TRUE,TRUE,0,996,,,insufficient (a=0)
SLEEP APNOEA SYNDROME,16,2.29897741191549,1.40735997440627,TRUE,TRUE,0,,,,insufficient (a=0)
THINKING ABNORMAL,16,2.71678940230535,1.66305538028681,TRUE,TRUE,0,,,,insufficient (a=0)
THIRST,16,2.44294710221192,1.49547014489406,TRUE,TRUE,2,1158,17.7977014335146,4.39132668162914,replicated
TRANSAMINASES INCREASED,16,2.01044935874407,1.23077104906917,TRUE,TRUE,0,,,,insufficient (a=0)
ABSCESS,15,2.6235047475461,1.58037724129913,TRUE,TRUE,0,3827,,,insufficient (a=0)
ANHEDONIA,15,1.68645918552917,1.01601592750052,TRUE,FALSE,0,,,,insufficient (a=0)
ARTERIOSCLEROSIS,15,5.40043054499922,3.25215861075164,TRUE,TRUE,0,407,,,insufficient (a=0)
BLOOD ALBUMIN DECREASED,15,6.65549737901772,4.00739914181414,TRUE,TRUE,0,574,,,insufficient (a=0)
BLOOD SODIUM DECREASED,15,2.48718270925173,1.4982809584525,TRUE,TRUE,0,,,,insufficient (a=0)
BRAIN FOG,15,2.34095910350313,1.41021892507834,TRUE,TRUE,0,,,,insufficient (a=0)
BURSITIS,15,3.34165721204114,2.01282371009835,TRUE,TRUE,0,1150,,,insufficient (a=0)
CHROMATURIA,15,1.89806412561507,1.14347118628698,TRUE,FALSE,0,,,,insufficient (a=0)
END STAGE RENAL DISEASE,15,1.85350169275734,1.11663055718957,TRUE,FALSE,0,,,,insufficient (a=0)
GASTROENTERITIS VIRAL,15,2.14539685782663,1.29243855158496,TRUE,TRUE,0,,,,insufficient (a=0)
HAEMORRHOIDS,15,2.14690296867646,1.29334564982788,TRUE,TRUE,0,,,,insufficient (a=0)
ILEUS,15,3.62640730483205,2.1842709936403,TRUE,TRUE,0,251,,,insufficient (a=0)
IMPAIRED WORK ABILITY,15,2.09724504561974,1.2634375865083,TRUE,TRUE,0,,,,insufficient (a=0)
JAUNDICE,15,1.852072649786,1.11576981848458,TRUE,FALSE,0,2484,,,insufficient (a=0)
LUNG CANCER METASTATIC,15,15.571003994279,9.36621446987821,TRUE,TRUE,0,,,,insufficient (a=0)
MONOCYTE COUNT INCREASED,15,11.0981522442435,6.67907146200039,TRUE,TRUE,0,,,,insufficient (a=0)
NEPHROGENIC ANAEMIA,15,7.65191553201063,4.60684538490422,TRUE,TRUE,0,,,,insufficient (a=0)
NEUROTOXICITY,15,2.21752045439692,1.33587670104008,TRUE,TRUE,0,,,,insufficient (a=0)
ORAL PAIN,15,1.81264115360918,1.09201939837715,TRUE,FALSE,0,1265,,,insufficient (a=0)
PHOTOSENSITIVITY REACTION,15,2.52545054178404,1.52132698593663,TRUE,TRUE,1,1689,6.03751625214948,0.842619715096722,direction-consistent
PREMATURE DELIVERY,15,2.20458723924123,1.32808741680807,TRUE,TRUE,0,,,,insufficient (a=0)
SCOLIOSIS,15,6.50133133110841,3.91464069502741,TRUE,TRUE,0,,,,insufficient (a=0)
ABNORMAL DREAMS,14,1.81735143363602,1.07559101933638,TRUE,FALSE,0,,,,insufficient (a=0)
ANISOCORIA,14,93.0429819357061,54.4909356592539,TRUE,TRUE,0,,,,insufficient (a=0)
APNOEA,14,5.85248915435529,3.46214215731717,TRUE,TRUE,0,,,,insufficient (a=0)
AUTONOMIC NERVOUS SYSTEM IMBALANCE,14,13.6480165443513,8.06640979136915,TRUE,TRUE,1,124,82.9689186272394,11.4948052583616,replicated
COAGULOPATHY,14,2.54863277499852,1.50826806062862,TRUE,TRUE,0,,,,insufficient (a=0)
FOETAL DEATH,14,6.34388859093073,3.75262354426414,TRUE,TRUE,0,,,,insufficient (a=0)
FOOD ALLERGY,14,4.64084402012089,2.74575939643799,TRUE,TRUE,0,,,,insufficient (a=0)
GENERAL PHYSICAL CONDITION ABNORMAL,14,5.49632038440655,3.2515790396998,TRUE,TRUE,0,,,,insufficient (a=0)
GLAUCOMA,14,1.98829422246799,1.17673929306305,TRUE,FALSE,0,,,,insufficient (a=0)
HYPERNATRAEMIA,14,7.91792100301209,4.68285929636453,TRUE,TRUE,0,163,,,insufficient (a=0)
HYPOMAGNESAEMIA,14,2.73245223874275,1.61701688898274,TRUE,TRUE,0,,,,insufficient (a=0)
INTERVERTEBRAL DISC PROTRUSION,14,1.81882577819647,1.07646341852159,TRUE,FALSE,0,,,,insufficient (a=0)
METASTASES TO LIVER,14,2.10564760671264,1.24617593843972,TRUE,TRUE,0,1085,,,insufficient (a=0)
SINUS DISORDER,14,1.83402316902859,1.08545600139461,TRUE,FALSE,0,,,,insufficient (a=0)
TEMPERATURE REGULATION DISORDER,14,16.1425377256894,9.53798784387929,TRUE,TRUE,0,,,,insufficient (a=0)
TERMINAL STATE,14,5.22406487488861,3.09061276700424,TRUE,TRUE,0,,,,insufficient (a=0)
TROPONIN INCREASED,14,5.18955946710917,3.07021132469032,TRUE,TRUE,0,698,,,insufficient (a=0)
VOLVULUS,14,15.6290008077093,9.23510967997441,TRUE,TRUE,0,,,,insufficient (a=0)
ABASIA,13,2.02380960481577,1.17431106423322,TRUE,TRUE,0,,,,insufficient (a=0)
ACUTE MYELOID LEUKAEMIA,13,2.38350190887828,1.38296161267015,TRUE,TRUE,0,,,,insufficient (a=0)
CARDIAC FAILURE ACUTE,13,5.17640317150504,3.00245273593607,TRUE,TRUE,0,,,,insufficient (a=0)
CIRCULATORY COLLAPSE,13,2.43586816955084,1.41333675513655,TRUE,TRUE,0,,,,insufficient (a=0)
COELIAC DISEASE,13,3.53591203248573,2.05133031552733,TRUE,TRUE,0,,,,insufficient (a=0)
COORDINATION ABNORMAL,13,3.23155070696065,1.874826535477,TRUE,TRUE,1,799,12.7809568168208,1.78261201364472,replicated
DIARRHOEA HAEMORRHAGIC,13,3.91873647974538,2.27331763037209,TRUE,TRUE,0,1326,,,insufficient (a=0)
EJECTION FRACTION DECREASED,13,2.39465937821149,1.38943355479034,TRUE,TRUE,0,,,,insufficient (a=0)
EOSINOPHIL COUNT INCREASED,13,4.3382786307521,2.51657275935946,TRUE,TRUE,0,,,,insufficient (a=0)
INCISION SITE PAIN,13,31.9098806424063,18.4491003355151,TRUE,TRUE,0,,,,insufficient (a=0)
INTERNATIONAL NORMALISED RATIO INCREASED,13,1.77986446162589,1.03279288224212,TRUE,FALSE,0,1463,,,insufficient (a=0)
LEFT VENTRICULAR DYSFUNCTION,13,5.4714601020091,3.17348058741746,TRUE,TRUE,0,,,,insufficient (a=0)
MALNUTRITION,13,3.37513227038955,1.95809329370074,TRUE,TRUE,0,372,,,insufficient (a=0)
ORAL DISCOMFORT,13,2.62062496255668,1.52050219040207,TRUE,TRUE,0,,,,insufficient (a=0)
POSTMORTEM BLOOD DRUG LEVEL INCREASED,13,84.6332821391083,48.6247899784746,TRUE,TRUE,0,,,,insufficient (a=0)
URINE OUTPUT DECREASED,13,4.69726225856358,2.72469582487244,TRUE,TRUE,0,,,,insufficient (a=0)
ABDOMINAL SEPSIS,12,39.1693285330607,22.1259276199261,TRUE,TRUE,0,,,,insufficient (a=0)
ADENOVIRUS INFECTION,12,10.9048076477637,6.18172898819061,TRUE,TRUE,0,,,,insufficient (a=0)
ATRIOVENTRICULAR BLOCK,12,4.70089156413527,2.66692463365868,TRUE,TRUE,0,536,,,insufficient (a=0)
CHRONIC GASTRITIS,12,12.2761733406765,6.95793214617728,TRUE,TRUE,0,,,,insufficient (a=0)
DECUBITUS ULCER,12,4.33538351786739,2.4596765037601,TRUE,TRUE,0,,,,insufficient (a=0)
DISSEMINATED INTRAVASCULAR COAGULATION,12,2.94152957623285,1.66916713399349,TRUE,TRUE,0,275,,,insufficient (a=0)
EPICONDYLITIS,12,24.1901692621164,13.6901250588519,TRUE,TRUE,0,,,,insufficient (a=0)
FAECALOMA,12,6.23968591735341,3.53923354099705,TRUE,TRUE,0,,,,insufficient (a=0)
GASTROENTERITIS,12,2.39804330358144,1.36085959377798,TRUE,TRUE,0,,,,insufficient (a=0)
IMPAIRED QUALITY OF LIFE,12,1.89766829448321,1.07697082926226,TRUE,FALSE,0,995,,,insufficient (a=0)
LABELLED DRUG-DRUG INTERACTION MEDICATION ERROR,12,3.0947009381983,1.75605018957872,TRUE,TRUE,0,,,,insufficient (a=0)
LUNG INFECTION,12,2.18913928736381,1.24234182722439,TRUE,TRUE,0,,,,insufficient (a=0)
MEAN CELL VOLUME DECREASED,12,20.8089363770726,11.7815467781611,TRUE,TRUE,0,,,,insufficient (a=0)
METASTASES TO BONE,12,1.8795075194193,1.0666666049701,TRUE,FALSE,0,,,,insufficient (a=0)
MIDDLE INSOMNIA,12,1.94992704131823,1.10662160551476,TRUE,FALSE,0,,,,insufficient (a=0)
MITRAL VALVE INCOMPETENCE,12,3.82219093034085,2.16865704206315,TRUE,TRUE,0,321,,,insufficient (a=0)
OBSTRUCTIVE SLEEP APNOEA SYNDROME,12,19.7272799142394,11.1706514709756,TRUE,TRUE,0,,,,insufficient (a=0)
PORPHYRIA ACUTE,12,21.2353130397879,12.0223092986467,TRUE,TRUE,0,,,,insufficient (a=0)
RESPIRATORY RATE INCREASED,12,4.36560342523681,2.47681233253378,TRUE,TRUE,0,2341,,,insufficient (a=0)
URINE ODOUR ABNORMAL,12,5.6352767012715,3.19664739546794,TRUE,TRUE,0,,,,insufficient (a=0)
APPLICATION SITE SWELLING,11,5.99244228944352,3.31459766999739,TRUE,TRUE,0,,,,insufficient (a=0)
BLOOD LACTATE DEHYDROGENASE INCREASED,11,2.50857248131469,1.38820109523661,TRUE,TRUE,0,1402,,,insufficient (a=0)
BLOOD MAGNESIUM DECREASED,11,3.39480959758725,1.87841078174414,TRUE,TRUE,0,679,,,insufficient (a=0)
BLOOD PRESSURE DIASTOLIC INCREASED,11,6.20946841697484,3.43454337827034,TRUE,TRUE,0,2162,,,insufficient (a=0)
BONE DISORDER,11,1.88342623525434,1.04234149673838,TRUE,FALSE,0,,,,insufficient (a=0)
CHOLECYSTITIS,11,2.9001195206948,1.60479395033522,TRUE,TRUE,0,,,,insufficient (a=0)
CLOSTRIDIUM DIFFICILE COLITIS,11,2.86310608492696,1.58432010821068,TRUE,TRUE,0,1324,,,insufficient (a=0)
DEVICE OCCLUSION,11,1.86901103134015,1.03436567390182,TRUE,FALSE,0,,,,insufficient (a=0)
DRUG ADMINISTERED AT INAPPROPRIATE SITE,11,2.86976539782398,1.58800369666616,TRUE,TRUE,0,,,,insufficient (a=0)
ENTEROCOLITIS,11,4.99367103175582,2.76250999191913,TRUE,TRUE,0,,,,insufficient (a=0)
HOSPICE CARE,11,2.59402275218244,1.43547169289406,TRUE,TRUE,0,,,,insufficient (a=0)
INFECTIOUS MONONUCLEOSIS,11,14.5626434358941,8.04597845919026,TRUE,TRUE,0,,,,insufficient (a=0)
LIGAMENT RUPTURE,11,6.76774848661065,3.74306145483007,TRUE,TRUE,0,,,,insufficient (a=0)
METASTASES TO LUNG,11,2.48332381579776,1.37423347572361,TRUE,TRUE,0,495,,,insufficient (a=0)
NEUTROPENIC SEPSIS,11,4.45880726235147,2.46679546459574,TRUE,TRUE,0,,,,insufficient (a=0)
POST PROCEDURAL COMPLICATION,11,1.94200257823044,1.07475103148457,TRUE,FALSE,0,,,,insufficient (a=0)
PRODUCT LABEL CONFUSION,11,4.38203000447263,2.42434358118597,TRUE,TRUE,0,,,,insufficient (a=0)
PRODUCT SUPPLY ISSUE,11,3.55111424676019,1.96485667413313,TRUE,TRUE,0,,,,insufficient (a=0)
SEASONAL ALLERGY,11,1.87255857778781,1.03632850720987,TRUE,FALSE,0,,,,insufficient (a=0)
SNORING,11,8.08390974079545,4.47022274239295,TRUE,TRUE,0,,,,insufficient (a=0)
STAPHYLOCOCCAL SEPSIS,11,7.38735920403999,4.08541928683712,TRUE,TRUE,0,,,,insufficient (a=0)
VENTRICULAR EXTRASYSTOLES,11,3.73941942040388,2.06899607076157,TRUE,TRUE,0,356,,,insufficient (a=0)
ANTIPSYCHOTIC DRUG LEVEL BELOW THERAPEUTIC,10,45.633385792133,24.3900746133057,TRUE,TRUE,0,,,,insufficient (a=0)
APPLICATION SITE DRYNESS,10,7.21346336132374,3.87581005730981,TRUE,TRUE,0,,,,insufficient (a=0)
APPLICATION SITE SCAB,10,11.4073938251449,6.12568083152346,TRUE,TRUE,0,,,,insufficient (a=0)
ATRIOVENTRICULAR BLOCK COMPLETE,10,4.58643942551221,2.46519618539877,TRUE,TRUE,0,,,,insufficient (a=0)
BLINDNESS UNILATERAL,10,2.07841219353532,1.11752601720501,TRUE,TRUE,1,636,16.0640094766915,2.23981013206249,replicated
CRANIOCEREBRAL INJURY,10,7.90445192429823,4.24667565113862,TRUE,TRUE,0,,,,insufficient (a=0)
ELECTROENCEPHALOGRAM ABNORMAL,10,13.961572330144,7.4946210395869,TRUE,TRUE,0,,,,insufficient (a=0)
ELECTROLYTE IMBALANCE,10,2.42678766358957,1.30477876538316,TRUE,TRUE,0,,,,insufficient (a=0)
EYELID PTOSIS,10,2.81582528537649,1.51386627355376,TRUE,TRUE,0,,,,insufficient (a=0)
GALLBLADDER DISORDER,10,1.96133916572441,1.05459491323656,TRUE,FALSE,0,,,,insufficient (a=0)
HYPERCALCAEMIA,10,2.28231921067533,1.22712876783005,TRUE,TRUE,0,,,,insufficient (a=0)
HYPERTENSIVE CRISIS,10,2.4953661900179,1.34163778830608,TRUE,TRUE,0,,,,insufficient (a=0)
HYPOALBUMINAEMIA,10,3.82299328877094,2.05506258941961,TRUE,TRUE,0,,,,insufficient (a=0)
HYPOGAMMAGLOBULINAEMIA,10,3.87783327953936,2.08452625120098,TRUE,TRUE,0,,,,insufficient (a=0)
INCOHERENT,10,5.20806875270205,2.7990801513645,TRUE,TRUE,0,,,,insufficient (a=0)
INCORRECT PRODUCT DOSAGE FORM ADMINISTERED,10,58.0148815941443,30.9554068924595,TRUE,TRUE,0,,,,insufficient (a=0)
INTERVERTEBRAL DISC DEGENERATION,10,3.09687399653857,1.66490140227152,TRUE,TRUE,0,,,,insufficient (a=0)
LIP DRY,10,2.91915787079301,1.56939840023432,TRUE,TRUE,0,,,,insufficient (a=0)
LOWER RESPIRATORY TRACT CONGESTION,10,13.4351455933866,7.2125554539395,TRUE,TRUE,0,363,,,insufficient (a=0)
MIOSIS,10,3.60493779155269,1.93790438167647,TRUE,TRUE,0,,,,insufficient (a=0)
MULTI-ORGAN FAILURE,10,3.70372170584263,1.99098048717098,TRUE,TRUE,0,,,,insufficient (a=0)
MYOCLONUS,10,2.55186273702949,1.37200256466245,TRUE,TRUE,0,644,,,insufficient (a=0)
ORAL CANDIDIASIS,10,2.13541148159464,1.14816451787234,TRUE,TRUE,0,1047,,,insufficient (a=0)
PETECHIAE,10,2.84474970309578,1.52941074963764,TRUE,TRUE,0,,,,insufficient (a=0)
PHYSICAL DISABILITY,10,5.7958511194807,3.11473195050928,TRUE,TRUE,0,,,,insufficient (a=0)
POLYP,10,4.10785332266867,2.208103345947,TRUE,TRUE,0,,,,insufficient (a=0)
SPLENOMEGALY,10,2.43336990666981,1.30831656554691,TRUE,TRUE,0,,,,insufficient (a=0)
STATUS EPILEPTICUS,10,2.52202166918373,1.3559641681611,TRUE,TRUE,0,264,,,insufficient (a=0)
SUDDEN DEATH,10,3.4603781140311,1.86023058167779,TRUE,TRUE,0,,,,insufficient (a=0)
SUPRAVENTRICULAR EXTRASYSTOLES,10,10.6194728495567,5.70319176990887,TRUE,TRUE,0,,,,insufficient (a=0)
TENOSYNOVITIS,10,10.0941663156202,5.42146763202799,TRUE,TRUE,0,,,,insufficient (a=0)
TRIGGER FINGER,10,6.52365012976822,3.50550489403172,TRUE,TRUE,0,,,,insufficient (a=0)
TYPE 1 DIABETES MELLITUS,10,4.91815374726723,2.64337072105788,TRUE,TRUE,0,,,,insufficient (a=0)
WRONG PRODUCT ADMINISTERED,10,3.43022161825863,1.84402671306291,TRUE,TRUE,0,,,,insufficient (a=0)
APPLICATION SITE DISCHARGE,9,19.3517874190921,10.0369126722568,TRUE,TRUE,0,,,,insufficient (a=0)
APPLICATION SITE SCAR,9,20.1228205036091,10.4356481717678,TRUE,TRUE,0,,,,insufficient (a=0)
APPLICATION SITE URTICARIA,9,11.5906294359921,6.01831051984587,TRUE,TRUE,0,,,,insufficient (a=0)
ATRIOVENTRICULAR BLOCK SECOND DEGREE,9,9.35277336804674,4.85790473968982,TRUE,TRUE,0,,,,insufficient (a=0)
BRADYKINESIA,9,3.81317819082684,1.98218894053585,TRUE,TRUE,0,,,,insufficient (a=0)
DEFORMITY,9,3.42915570058644,1.78266356375071,TRUE,TRUE,0,,,,insufficient (a=0)
FISTULA,9,2.19118114701073,1.13930133529067,TRUE,TRUE,0,2920,,,insufficient (a=0)
FUNGAL OESOPHAGITIS,9,36.4690002466648,18.8681126068954,TRUE,TRUE,0,,,,insufficient (a=0)
GASTROINTESTINAL STROMAL TUMOUR,9,9.10406626311225,4.72889498251003,TRUE,TRUE,0,,,,insufficient (a=0)
GENERALISED OEDEMA,9,2.22426280891773,1.15649653431093,TRUE,TRUE,0,,,,insufficient (a=0)
HAEMODYNAMIC INSTABILITY,9,3.38829825923366,1.76143407888555,TRUE,TRUE,0,,,,insufficient (a=0)
HEPATITIS ACUTE,9,4.2876405595732,2.22867314080853,TRUE,TRUE,0,,,,insufficient (a=0)
HEPATITIS CHOLESTATIC,9,4.76069045515418,2.47438973501511,TRUE,TRUE,0,,,,insufficient (a=0)
HYPERHOMOCYSTEINAEMIA,9,109.805701345098,56.2174368704948,TRUE,TRUE,0,,,,insufficient (a=0)
INTERNATIONAL NORMALISED RATIO DECREASED,9,10.2134471695637,5.30428302201835,TRUE,TRUE,0,,,,insufficient (a=0)
INTRA-ABDOMINAL HAEMATOMA,9,20.5736628632117,10.6687575949157,TRUE,TRUE,0,,,,insufficient (a=0)
OROPHARYNGEAL DISCOMFORT,9,2.43577164732426,1.26643077198551,TRUE,TRUE,0,,,,insufficient (a=0)
PANIC REACTION,9,3.65842217792025,1.90178551620403,TRUE,TRUE,0,,,,insufficient (a=0)
PATHOLOGICAL FRACTURE,9,5.12559116668601,2.66390726481802,TRUE,TRUE,0,,,,insufficient (a=0)
PHARYNGITIS,9,1.99199691681419,1.03576578382718,TRUE,FALSE,0,2272,,,insufficient (a=0)
PUPILS UNEQUAL,9,28.6170713885337,14.8225238530044,TRUE,TRUE,0,,,,insufficient (a=0)
RENAL ARTERY STENOSIS,9,22.7004967279598,11.768033667658,TRUE,TRUE,0,,,,insufficient (a=0)
RENAL CYST,9,3.2910941428857,1.71092590593534,TRUE,TRUE,0,,,,insufficient (a=0)
RESPIRATORY SYNCYTIAL VIRUS INFECTION,9,2.54670811497991,1.32408862009518,TRUE,TRUE,0,,,,insufficient (a=0)
TARDIVE DYSKINESIA,9,1.93544852075806,1.00637095173361,TRUE,FALSE,0,,,,insufficient (a=0)
TORTICOLLIS,9,12.8761414845965,6.68455250560933,TRUE,TRUE,0,,,,insufficient (a=0)
WHITE BLOOD CELLS URINE POSITIVE,9,14.3181053038222,7.43158333240964,TRUE,TRUE,0,,,,insufficient (a=0)
WOUND INFECTION,9,2.16485821554405,1.1256190736574,TRUE,TRUE,0,,,,insufficient (a=0)
APHAGIA,8,6.66710104385856,3.32956094281212,TRUE,TRUE,0,,,,insufficient (a=0)
APPLICATION SITE EROSION,8,16.7657804455115,8.35985643928887,TRUE,TRUE,0,,,,insufficient (a=0)
APPLICATION SITE HAEMORRHAGE,8,6.60819975346291,3.30017548942489,TRUE,TRUE,0,,,,insufficient (a=0)
APPLICATION SITE HYPERSENSITIVITY,8,16.9878572179424,8.47030059236905,TRUE,TRUE,0,,,,insufficient (a=0)
BLOOD PHOSPHORUS DECREASED,8,6.03706040712631,3.01521029911412,TRUE,TRUE,0,,,,insufficient (a=0)
BLOOD UREA DECREASED,8,22.9622051719238,11.4386634201881,TRUE,TRUE,0,,,,insufficient (a=0)
CACHEXIA,8,4.59633150464487,2.29614785433511,TRUE,TRUE,0,251,,,insufficient (a=0)
CARDIAC AMYLOIDOSIS,8,18.3040186398719,9.12470488735265,TRUE,TRUE,0,,,,insufficient (a=0)
CLONUS,8,8.46538622841876,4.22645666320736,TRUE,TRUE,0,110,,,insufficient (a=0)
CONTRAINDICATED DRUG ADMINISTERED,8,25.9487512615836,12.9204941351879,TRUE,TRUE,0,,,,insufficient (a=0)
ECONOMIC PROBLEM,8,2.13217952460148,1.06555839912997,TRUE,TRUE,0,,,,insufficient (a=0)
ENDOMETRIOSIS,8,4.43506091975657,2.215638434551,TRUE,TRUE,0,,,,insufficient (a=0)
ESCHERICHIA BACTERAEMIA,8,9.07287945651564,4.52933203452244,TRUE,TRUE,0,,,,insufficient (a=0)
FAILURE TO THRIVE,8,4.94997361061877,2.47267887999631,TRUE,TRUE,0,,,,insufficient (a=0)
GASTROINTESTINAL MOTILITY DISORDER,8,3.89595436507937,1.94647688239525,TRUE,TRUE,0,,,,insufficient (a=0)
HYPERPROLACTINAEMIA,8,3.06022498227612,1.52913101950075,TRUE,TRUE,0,,,,insufficient (a=0)
HYPERREFLEXIA,8,7.22814630779848,3.60943588826909,TRUE,TRUE,0,,,,insufficient (a=0)
HYPOPHOSPHATAEMIA,8,2.92266352410931,1.4604253826843,TRUE,TRUE,0,,,,insufficient (a=0)
HYSTERECTOMY,8,2.56760647817035,1.28307721039378,TRUE,TRUE,0,,,,insufficient (a=0)
IRON DEFICIENCY ANAEMIA,8,2.40193325814201,1.20031810987834,TRUE,TRUE,0,452,,,insufficient (a=0)
PROCEDURAL COMPLICATION,8,4.04340729300729,2.0201006479928,TRUE,TRUE,0,,,,insufficient (a=0)
PSEUDOMONAS INFECTION,8,2.69972692396756,1.34907259115463,TRUE,TRUE,0,,,,insufficient (a=0)
PYELONEPHRITIS,8,2.56467049034216,1.28161062686756,TRUE,TRUE,0,,,,insufficient (a=0)
RENAL PAIN,8,2.09605744908419,1.04751219834906,TRUE,TRUE,0,,,,insufficient (a=0)
RESPIRATORY ACIDOSIS,8,5.8539690820356,2.9238478031788,TRUE,TRUE,0,,,,insufficient (a=0)
SERUM FERRITIN INCREASED,8,4.49166335068762,2.24389592725512,TRUE,TRUE,0,,,,insufficient (a=0)
SPUTUM DISCOLOURED,8,2.13904357843721,1.06898758393924,TRUE,TRUE,0,,,,insufficient (a=0)
TONGUE BITING,8,12.434745108385,6.20441997031325,TRUE,TRUE,0,,,,insufficient (a=0)
TUMOUR LYSIS SYNDROME,8,2.41194285543654,1.20531834558602,TRUE,TRUE,0,,,,insufficient (a=0)
VASCULAR DEVICE INFECTION,8,4.03522572220617,2.01601564859743,TRUE,TRUE,0,,,,insufficient (a=0)
ABDOMINAL INFECTION,7,7.18273674046486,3.41902946710484,TRUE,TRUE,2,281,73.798579109063,18.1409951661318,replicated
AKINESIA,7,9.94252198635817,4.73055516302706,TRUE,TRUE,0,,,,insufficient (a=0)
BLINDNESS TRANSIENT,7,2.75922875815477,1.31436857158151,TRUE,TRUE,0,,,,insufficient (a=0)
BLOOD CREATININE DECREASED,7,6.17465721633431,2.93966514013291,TRUE,TRUE,0,,,,insufficient (a=0)
BLOOD SODIUM INCREASED,7,8.32039777300273,3.95982158449914,TRUE,TRUE,0,131,,,insufficient (a=0)
BRAIN ABSCESS,7,7.55227901463062,3.59471520989235,TRUE,TRUE,0,,,,insufficient (a=0)
BRUXISM,7,3.74686623460392,1.78454268639036,TRUE,TRUE,0,,,,insufficient (a=0)
CENTRAL VENOUS CATHETERISATION,7,5.71621057061306,2.72161086031851,TRUE,TRUE,0,151,,,insufficient (a=0)
COLITIS ISCHAEMIC,7,3.1942686379579,1.52149226451871,TRUE,TRUE,0,,,,insufficient (a=0)
CONCUSSION,7,2.38420140228807,1.13579316256451,TRUE,TRUE,0,,,,insufficient (a=0)
CONVULSIVE THRESHOLD LOWERED,7,60.6577560292644,28.6217813174431,TRUE,TRUE,0,,,,insufficient (a=0)
DRUG DIVERSION,7,3.03849775996902,1.44733273167409,TRUE,TRUE,0,,,,insufficient (a=0)
EMERGENCY CARE,7,5.46176386811998,2.60057232990684,TRUE,TRUE,0,,,,insufficient (a=0)
ENCEPHALITIS,7,2.83803225840793,1.35188933977328,TRUE,TRUE,0,,,,insufficient (a=0)
EYE MOVEMENT DISORDER,7,2.95278465968708,1.40652474121995,TRUE,TRUE,0,,,,insufficient (a=0)
FLANK PAIN,7,2.13341213479493,1.01636342980845,TRUE,TRUE,0,,,,insufficient (a=0)
GRAFT VERSUS HOST DISEASE,7,3.06938462724904,1.46203768057223,TRUE,TRUE,0,243,,,insufficient (a=0)
GROIN PAIN,7,2.18235038525155,1.0396693580954,TRUE,TRUE,0,,,,insufficient (a=0)
HAEMOGLOBIN INCREASED,7,4.1183007899314,1.96132799702007,TRUE,TRUE,0,,,,insufficient (a=0)
HEPATIC LESION,7,4.41095873999819,2.10060411997326,TRUE,TRUE,0,,,,insufficient (a=0)
HEPATOMEGALY,7,2.37590229879317,1.13184115896699,TRUE,TRUE,0,,,,insufficient (a=0)
HYDRONEPHROSIS,7,2.71814705030781,1.2948079214151,TRUE,TRUE,0,,,,insufficient (a=0)
HYPERAEMIA,7,9.87377433180993,4.69789885928192,TRUE,TRUE,0,,,,insufficient (a=0)
IMMUNE EFFECTOR CELL-ASSOCIATED NEUROTOXICITY SYNDROME,7,2.83598175567449,1.35091304476035,TRUE,TRUE,0,,,,insufficient (a=0)
INCORRECT DOSAGE ADMINISTERED,7,3.24577148530052,1.54601094642643,TRUE,TRUE,0,,,,insufficient (a=0)
INFUSION SITE SWELLING,7,2.70689974595895,1.28945258213908,TRUE,TRUE,0,,,,insufficient (a=0)
ISCHAEMIC CARDIOMYOPATHY,7,8.64555536517731,4.11434943981408,TRUE,TRUE,0,,,,insufficient (a=0)
KIDNEY TRANSPLANT REJECTION,7,4.74981851292555,2.26185094218231,TRUE,TRUE,0,,,,insufficient (a=0)
LARGE INTESTINE POLYP,7,2.29833396721331,1.09490287214862,TRUE,TRUE,0,,,,insufficient (a=0)
MAJOR DEPRESSION,7,2.80307142468026,1.33524353275576,TRUE,TRUE,0,,,,insufficient (a=0)
MEAN CELL HAEMOGLOBIN CONCENTRATION DECREASED,7,10.2140585611438,4.85953242659487,TRUE,TRUE,0,,,,insufficient (a=0)
METABOLIC DISORDER,7,4.08190462432781,1.94400609712915,TRUE,TRUE,0,,,,insufficient (a=0)
METASTASES TO SPINE,7,5.46366392121359,2.60147620957955,TRUE,TRUE,0,201,,,insufficient (a=0)
NO THERAPEUTIC RESPONSE,7,2.14889078124726,1.02373488691883,TRUE,TRUE,0,,,,insufficient (a=0)
NONSPECIFIC REACTION,7,3.69920284068631,1.76185559445481,TRUE,TRUE,0,,,,insufficient (a=0)
OCCUPATIONAL EXPOSURE TO PRODUCT,7,2.46351734233561,1.17356258583811,TRUE,TRUE,0,,,,insufficient (a=0)
PORTAL TRACT INFLAMMATION,7,133.13969600847,62.091679028907,TRUE,TRUE,0,,,,insufficient (a=0)
POST PROCEDURAL INFECTION,7,2.14859665352018,1.02359481365701,TRUE,TRUE,0,,,,insufficient (a=0)
PREMATURE LABOUR,7,4.50846512884264,2.14700449523586,TRUE,TRUE,0,,,,insufficient (a=0)
RALES,7,3.58846215030714,1.70914323789375,TRUE,TRUE,0,914,,,insufficient (a=0)
RETINAL DETACHMENT,7,2.14830260626579,1.02345477870535,TRUE,TRUE,0,,,,insufficient (a=0)
RHINOVIRUS INFECTION,7,4.26945343777174,2.0332633251267,TRUE,TRUE,0,,,,insufficient (a=0)
SINUS BRADYCARDIA,7,2.21405398508404,1.05476740498755,TRUE,TRUE,0,,,,insufficient (a=0)
ABDOMINAL TENDERNESS,6,3.66504541770229,1.64496024177029,TRUE,TRUE,0,397,,,insufficient (a=0)
ANGLE CLOSURE GLAUCOMA,6,7.45466995251325,3.34357845371021,TRUE,TRUE,0,,,,insufficient (a=0)
APLASTIC ANAEMIA,6,3.35446121040983,1.50564587579718,TRUE,TRUE,0,456,,,insufficient (a=0)
APPLICATION SITE EXFOLIATION,6,3.49560535824645,1.56895882046818,TRUE,TRUE,0,,,,insufficient (a=0)
APPLICATION SITE INFLAMMATION,6,11.3809031955925,5.10101474994574,TRUE,TRUE,0,,,,insufficient (a=0)
ASTIGMATISM,6,10.8141054251282,4.8474597334924,TRUE,TRUE,0,,,,insufficient (a=0)
BLEPHAROSPASM,6,2.56146656363956,1.14987356963942,TRUE,TRUE,0,,,,insufficient (a=0)
BLOOD LACTIC ACID INCREASED,6,3.17632879951146,1.4257365854258,TRUE,TRUE,0,,,,insufficient (a=0)
BREATH SOUNDS ABNORMAL,6,3.23201369922096,1.45071709191169,TRUE,TRUE,0,,,,insufficient (a=0)
BRONCHIAL SECRETION RETENTION,6,12.2397015476589,5.48509789358839,TRUE,TRUE,0,,,,insufficient (a=0)
DISORGANISED SPEECH,6,7.56782152919861,3.39426101589606,TRUE,TRUE,0,,,,insufficient (a=0)
DRUG LEVEL ABOVE THERAPEUTIC,6,3.63142323200322,1.62987955712059,TRUE,TRUE,0,972,,,insufficient (a=0)
DRUG MONITORING PROCEDURE NOT PERFORMED,6,7.68446065448045,3.44650357630447,TRUE,TRUE,0,,,,insufficient (a=0)
DYSPHEMIA,6,4.00295805820014,1.79651543574445,TRUE,TRUE,0,,,,insufficient (a=0)
EMERGENCY CARE EXAMINATION,6,20.8099177088854,9.31157244268568,TRUE,TRUE,0,,,,insufficient (a=0)
FEELING DRUNK,6,2.41613105208247,1.08465876446498,TRUE,TRUE,0,,,,insufficient (a=0)
FOETAL EXPOSURE DURING DELIVERY,6,20.1859093304687,9.03335462599349,TRUE,TRUE,0,,,,insufficient (a=0)
FOOD INTOLERANCE,6,4.2927681308019,1.92648190631581,TRUE,TRUE,0,382,,,insufficient (a=0)
FOREIGN BODY,6,4.41817809337101,1.98271834157852,TRUE,TRUE,0,,,,insufficient (a=0)
GASTRITIS EROSIVE,6,4.10802973967038,1.84363679566192,TRUE,TRUE,0,,,,insufficient (a=0)
GLOMERULOSCLEROSIS,6,28.8930356811078,12.9099230212144,TRUE,TRUE,0,,,,insufficient (a=0)
HAEMOPHILUS SEPSIS,6,374.013393423892,157.548071092884,TRUE,TRUE,0,,,,insufficient (a=0)
"HALLUCINATIONS, MIXED",6,4.14088996044107,1.85837321411451,TRUE,TRUE,0,,,,insufficient (a=0)
HILAR LYMPHADENOPATHY,6,20.3383766344096,9.10133875729041,TRUE,TRUE,0,,,,insufficient (a=0)
HYPERVOLAEMIA,6,2.91363430272914,1.30788392361733,TRUE,TRUE,0,,,,insufficient (a=0)
HYPOMANIA,6,4.95671604453076,2.22418141754994,TRUE,TRUE,0,,,,insufficient (a=0)
HYPOVOLAEMIA,6,3.39850857014967,1.52540451481972,TRUE,TRUE,0,,,,insufficient (a=0)
INTESTINAL ISCHAEMIA,6,3.26653010738971,1.46620106535788,TRUE,TRUE,0,,,,insufficient (a=0)
KLEBSIELLA INFECTION,6,3.2904897149578,1.47694917282156,TRUE,TRUE,0,123,,,insufficient (a=0)
MACULAR HOLE,6,12.3406769549281,5.53024974775032,TRUE,TRUE,0,,,,insufficient (a=0)
MALABSORPTION,6,2.95522282982302,1.3265425239023,TRUE,TRUE,0,240,,,insufficient (a=0)
MONOCYTE COUNT DECREASED,6,13.225672065572,5.92591213858998,TRUE,TRUE,0,,,,insufficient (a=0)
NASAL SEPTUM DEVIATION,6,8.3055366137147,3.72464644584188,TRUE,TRUE,0,,,,insufficient (a=0)
NEUTROPHIL COUNT ABNORMAL,6,5.6376426374605,2.52942071274539,TRUE,TRUE,0,,,,insufficient (a=0)
OCULOGYRIC CRISIS,6,7.55084209399837,3.38665576121646,TRUE,TRUE,0,,,,insufficient (a=0)
ORAL DISORDER,6,2.24744493167862,1.00896186382115,TRUE,TRUE,0,,,,insufficient (a=0)
PARKINSONIAN REST TREMOR,6,123.526849159031,54.2860442908699,TRUE,TRUE,0,,,,insufficient (a=0)
PERONEAL NERVE PALSY,6,3.0358890746307,1.36273246749087,TRUE,TRUE,0,,,,insufficient (a=0)
PNEUMOCONIOSIS,6,88.0025689087365,38.9142951825694,TRUE,TRUE,0,,,,insufficient (a=0)
POLYCYTHAEMIA,6,8.19930502734104,3.67707601239654,TRUE,TRUE,0,,,,insufficient (a=0)
PORTAL HYPERTENSION,6,5.75330221384557,2.58126013715528,TRUE,TRUE,0,101,,,insufficient (a=0)
POSTURAL ORTHOSTATIC TACHYCARDIA SYNDROME,6,10.9459940487433,4.90646421247078,TRUE,TRUE,0,,,,insufficient (a=0)
PROTEIN URINE PRESENT,6,3.4685785579149,1.55683567140903,TRUE,TRUE,0,,,,insufficient (a=0)
PULSELESS ELECTRICAL ACTIVITY,6,3.54159808475997,1.58958906240274,TRUE,TRUE,0,,,,insufficient (a=0)
RADIOTHERAPY,6,7.98057177112329,3.57912174485271,TRUE,TRUE,0,,,,insufficient (a=0)
RED BLOOD CELLS URINE POSITIVE,6,18.1945215114823,8.14507064844533,TRUE,TRUE,0,,,,insufficient (a=0)
RESPIRATORY RATE DECREASED,6,6.22992296470309,2.79486234869488,TRUE,TRUE,1,529,19.3211987127916,2.69312310876948,replicated
RESTING TREMOR,6,21.8217821863666,9.76258735185523,TRUE,TRUE,0,,,,insufficient (a=0)
SKIN EROSION,6,4.74862438564356,2.13088530664714,TRUE,TRUE,0,,,,insufficient (a=0)
SOMNAMBULISM,6,2.76572885471845,1.24152423355309,TRUE,TRUE,0,,,,insufficient (a=0)
STAPHYLOCOCCUS TEST POSITIVE,6,7.55084209399837,3.38665576121646,TRUE,TRUE,0,,,,insufficient (a=0)
VENOOCCLUSIVE LIVER DISEASE,6,3.38653629746024,1.52003405755176,TRUE,TRUE,0,87,,,insufficient (a=0)
VISCERAL CONGESTION,6,34.0005251191617,15.1783139815678,TRUE,TRUE,0,,,,insufficient (a=0)
VULVOVAGINAL CANDIDIASIS,6,11.5369500152244,5.17081278581358,TRUE,TRUE,0,,,,insufficient (a=0)
ACUTE LYMPHOCYTIC LEUKAEMIA RECURRENT,5,4.64683855263354,1.93182125102412,TRUE,TRUE,0,,,,insufficient (a=0)
ATYPICAL PNEUMONIA,5,3.81924968642067,1.58802568207729,TRUE,TRUE,0,,,,insufficient (a=0)
BILIRUBIN CONJUGATED INCREASED,5,7.40953730318668,3.07869365889245,TRUE,TRUE,0,,,,insufficient (a=0)
BLOOD CREATINE INCREASED,5,3.55756398299568,1.47929354718648,TRUE,TRUE,0,355,,,insufficient (a=0)
BONE LESION,5,3.85072144226226,1.60110165623195,TRUE,TRUE,0,,,,insufficient (a=0)
BRADYPNOEA,5,4.6181386356009,1.91990063778294,TRUE,TRUE,0,,,,insufficient (a=0)
BUNDLE BRANCH BLOCK LEFT,5,4.04370576123665,1.68127981619832,TRUE,TRUE,0,,,,insufficient (a=0)
CANCER PAIN,5,4.81645436400165,2.00226906022542,TRUE,TRUE,0,,,,insufficient (a=0)
CARBOHYDRATE ANTIGEN 125 INCREASED,5,3.4813641978723,1.44762994694984,TRUE,TRUE,0,,,,insufficient (a=0)
CARDIOPULMONARY FAILURE,5,4.0894128533412,1.70026861240214,TRUE,TRUE,0,,,,insufficient (a=0)
CHOLECYSTITIS ACUTE,5,2.82673436872999,1.17557021473222,TRUE,TRUE,0,,,,insufficient (a=0)
CHRONIC KIDNEY DISEASE-MINERAL AND BONE DISORDER,5,10.6133675735669,4.40714609983561,TRUE,TRUE,0,,,,insufficient (a=0)
CLONIC CONVULSION,5,22.52747853562,9.33276219626991,TRUE,TRUE,0,,,,insufficient (a=0)
CONDUCTION DISORDER,5,8.82627356725868,3.66634093510246,TRUE,TRUE,0,,,,insufficient (a=0)
DEAFNESS PERMANENT,5,62.3271452145215,25.6230717680978,TRUE,TRUE,0,,,,insufficient (a=0)
DRUG MONITORING PROCEDURE INCORRECTLY PERFORMED,5,17.1538001541862,7.11396390201789,TRUE,TRUE,0,,,,insufficient (a=0)
FEELING OF DESPAIR,5,3.0055283385128,1.249882679091,TRUE,TRUE,0,,,,insufficient (a=0)
FLUID INTAKE REDUCED,5,2.8672079542782,1.19239277908496,TRUE,TRUE,0,,,,insufficient (a=0)
GLOSSITIS,5,4.24255759830609,1.76388940769538,TRUE,TRUE,0,342,,,insufficient (a=0)
GLUCOSE TOLERANCE IMPAIRED,5,2.41413079269449,1.00405924463816,TRUE,TRUE,0,,,,insufficient (a=0)
HAEMOPHILUS INFECTION,5,15.3049592922352,6.34950267684566,TRUE,TRUE,0,,,,insufficient (a=0)
HANGOVER,5,4.03642915015337,1.67825675113988,TRUE,TRUE,0,,,,insufficient (a=0)
HERPES SIMPLEX,5,2.64410845665134,1.09965971981873,TRUE,TRUE,0,,,,insufficient (a=0)
HYPERACUSIS,5,3.93585668283428,1.63647308219944,TRUE,TRUE,0,,,,insufficient (a=0)
HYPERPARATHYROIDISM SECONDARY,5,4.87931329018069,2.02837554651093,TRUE,TRUE,0,,,,insufficient (a=0)
HYPOVENTILATION,5,5.67412525074149,2.35842059181877,TRUE,TRUE,0,,,,insufficient (a=0)
HYPOXIC-ISCHAEMIC ENCEPHALOPATHY,5,5.48811306126849,2.28118834585183,TRUE,TRUE,0,,,,insufficient (a=0)
INCORRECT DRUG ADMINISTRATION RATE,5,3.01441514130534,1.25357618190901,TRUE,TRUE,0,,,,insufficient (a=0)
INTERCEPTED MEDICATION ERROR,5,2.54797967389791,1.05970054678305,TRUE,TRUE,0,,,,insufficient (a=0)
INTESTINAL PSEUDO-OBSTRUCTION,5,13.2762888487301,5.51005220774694,TRUE,TRUE,0,,,,insufficient (a=0)
INTRA-ABDOMINAL FLUID COLLECTION,5,6.43596909671108,2.67467963799021,TRUE,TRUE,0,,,,insufficient (a=0)
LYMPHOCYTE COUNT INCREASED,5,4.15147501056545,1.72605150136419,TRUE,TRUE,0,,,,insufficient (a=0)
MEAN CELL HAEMOGLOBIN DECREASED,5,6.78641939302125,2.82012813545938,TRUE,TRUE,0,,,,insufficient (a=0)
MUCOSAL DRYNESS,5,6.94181605184509,2.88461654343283,TRUE,TRUE,1,57,182.245891276865,25.0120040518032,replicated
MUCOSAL INFECTION,5,56.3762516568626,23.2032200543927,TRUE,TRUE,0,,,,insufficient (a=0)
MYOCARDIAL NECROSIS MARKER INCREASED,5,7.0244125226549,2.91889184784749,TRUE,TRUE,0,,,,insufficient (a=0)
NEUTROPENIC COLITIS,5,6.163651244668,2.56164497297747,TRUE,TRUE,0,,,,insufficient (a=0)
OBSTRUCTION,5,3.29907131550259,1.37187723907244,TRUE,TRUE,0,,,,insufficient (a=0)
PANCREATIC DISORDER,5,2.79085583640187,1.16065733011161,TRUE,TRUE,2,305,67.9517326732673,16.7102307222533,replicated
PATIENT ELOPEMENT,5,33.6900571554037,13.9270338068418,TRUE,TRUE,0,,,,insufficient (a=0)
PLEURISY,5,2.62799708797208,1.09296259022087,TRUE,TRUE,0,,,,insufficient (a=0)
POTENTIATING DRUG INTERACTION,5,3.98197106513306,1.65563188981986,TRUE,TRUE,0,,,,insufficient (a=0)
PRODUCT PACKAGING CONFUSION,5,4.67784754833987,1.9447007983576,TRUE,TRUE,0,,,,insufficient (a=0)
READING DISORDER,5,6.02784483797034,2.50526947958277,TRUE,TRUE,0,,,,insufficient (a=0)
SKIN ABRASION,5,2.43351597873208,1.01211789314887,TRUE,TRUE,0,,,,insufficient (a=0)
SUBCUTANEOUS ABSCESS,5,2.88639578455648,1.20036797444909,TRUE,TRUE,0,,,,insufficient (a=0)
SUSPECTED TRANSMISSION OF AN INFECTIOUS AGENT VIA PRODUCT,5,9.24833513220052,3.84134490314449,TRUE,TRUE,0,,,,insufficient (a=0)
THERAPEUTIC PRODUCT EFFECT INCREASED,5,10.0073942067918,4.15600938839153,TRUE,TRUE,0,,,,insufficient (a=0)
THORACIC VERTEBRAL FRACTURE,5,4.4887612318347,1.86616161323022,TRUE,TRUE,0,,,,insufficient (a=0)
TIBIA FRACTURE,5,2.9650011606419,1.23303874855249,TRUE,TRUE,0,,,,insufficient (a=0)
TONGUE DISCOLOURATION,5,3.37248630154657,1.40238584730181,TRUE,TRUE,0,,,,insufficient (a=0)
TONGUE INJURY,5,15.0382398262511,6.23917375593294,TRUE,TRUE,0,,,,insufficient (a=0)
TRIPLE NEGATIVE BREAST CANCER,5,18.2120282770035,7.55127417251986,TRUE,TRUE,0,,,,insufficient (a=0)
URINARY TRACT INFECTION BACTERIAL,5,5.08043433419429,2.11190057273389,TRUE,TRUE,0,323,,,insufficient (a=0)
VOMITING PROJECTILE,5,4.75721111453482,1.97766364605343,TRUE,TRUE,0,,,,insufficient (a=0)
WEIGHT GAIN POOR,5,5.83651432260812,2.42583994072325,TRUE,TRUE,0,,,,insufficient (a=0)
ADENOCARCINOMA PANCREAS,4,8.05520253255991,3.01714769937194,TRUE,TRUE,0,36,,,insufficient (a=0)
ALANINE AMINOTRANSFERASE ABNORMAL,4,5.05245469482682,1.89368119761068,TRUE,TRUE,0,,,,insufficient (a=0)
AMNESTIC DISORDER,4,23.3087421272724,8.701567441743,TRUE,TRUE,0,,,,insufficient (a=0)
ANTICHOLINERGIC EFFECT,4,147.115249293099,53.4824852700594,TRUE,TRUE,0,,,,insufficient (a=0)
ANTISOCIAL BEHAVIOUR,4,12.8563134893778,4.81041264451499,TRUE,TRUE,0,,,,insufficient (a=0)
AORTIC VALVE INCOMPETENCE,4,3.4168804307574,1.28111812164581,TRUE,TRUE,0,111,,,insufficient (a=0)
APPLICATION SITE DISCOMFORT,4,5.27214871106449,1.97592875586506,TRUE,TRUE,0,,,,insufficient (a=0)
APPLICATION SITE PAPULES,4,10.2205187168914,3.82638025061887,TRUE,TRUE,0,,,,insufficient (a=0)
APPLICATION SITE ULCER,4,16.2568495229476,6.07828186702911,TRUE,TRUE,0,,,,insufficient (a=0)
APTYALISM,4,15.0819480781271,5.64043915874179,TRUE,TRUE,0,,,,insufficient (a=0)
AUDITORY DISORDER,4,6.46961573540243,2.42408983132925,TRUE,TRUE,0,,,,insufficient (a=0)
BARRETT'S OESOPHAGUS,4,3.72935980900649,1.39818317104503,TRUE,TRUE,0,,,,insufficient (a=0)
BONE MARROW TRANSPLANT,4,6.73172126005229,2.52215358718653,TRUE,TRUE,0,,,,insufficient (a=0)
BREAST CANCER RECURRENT,4,3.6312451239814,1.36142790310681,TRUE,TRUE,0,,,,insufficient (a=0)
BRONCHOPNEUMONIA,4,7.52175650851569,2.81766836196942,TRUE,TRUE,0,,,,insufficient (a=0)
CARBON DIOXIDE DECREASED,4,11.0922749854843,4.15196174812435,TRUE,TRUE,0,,,,insufficient (a=0)
CHEMICAL BURN OF SKIN,4,3.74024312389332,1.40226013100465,TRUE,TRUE,0,,,,insufficient (a=0)
CHLOASMA,4,29.3264896261843,10.9338067541098,TRUE,TRUE,0,,,,insufficient (a=0)
CIRCADIAN RHYTHM SLEEP DISORDER,4,14.1765241938346,5.30286807759458,TRUE,TRUE,0,,,,insufficient (a=0)
COMA SCALE ABNORMAL,4,3.59919596166385,1.34942145370892,TRUE,TRUE,0,,,,insufficient (a=0)
COMPLEX PARTIAL SEIZURES,4,19.7661468924532,7.38473665098177,TRUE,TRUE,0,,,,insufficient (a=0)
COMPLICATIONS OF TRANSPLANTED KIDNEY,4,5.83817883748033,2.18779897394825,TRUE,TRUE,0,,,,insufficient (a=0)
CUSHINGOID,4,3.35804815043096,1.25907582941392,TRUE,TRUE,0,226,,,insufficient (a=0)
DAYDREAMING,4,6.87090210334837,2.5742219370812,TRUE,TRUE,0,,,,insufficient (a=0)
DEMENTIA WITH LEWY BODIES,4,9.16605123379781,3.4323948975335,TRUE,TRUE,0,,,,insufficient (a=0)
DEVICE CONNECTION ISSUE,4,4.65892179969705,1.74633331048578,TRUE,TRUE,0,,,,insufficient (a=0)
DISTRIBUTIVE SHOCK,4,4.15992865667632,1.5594622717319,TRUE,TRUE,0,,,,insufficient (a=0)
ELECTROCARDIOGRAM T WAVE INVERSION,4,6.69155882044787,2.50712800121937,TRUE,TRUE,0,,,,insufficient (a=0)
ENDOCRINE OPHTHALMOPATHY,4,11.5046989563299,4.30594981090265,TRUE,TRUE,0,,,,insufficient (a=0)
ENTEROCOLITIS INFECTIOUS,4,14.5914617120533,5.45758661499171,TRUE,TRUE,0,,,,insufficient (a=0)
FACIAL SPASM,4,10.3501972524748,3.8748201170056,TRUE,TRUE,0,,,,insufficient (a=0)
FAECAL INCONTINENCE,4,4.17541655369006,1.56526304217112,TRUE,TRUE,0,,,,insufficient (a=0)
FAECAL VOMITING,4,20.2113418152256,7.55033307024806,TRUE,TRUE,0,,,,insufficient (a=0)
GALLBLADDER ENLARGEMENT,4,10.4587710804236,3.91537446728486,TRUE,TRUE,0,,,,insufficient (a=0)
GASTRIC ULCER PERFORATION,4,9.81793999671731,3.67598434495453,TRUE,TRUE,0,,,,insufficient (a=0)
GASTROINTESTINAL HYPOMOTILITY,4,4.85558603092554,1.81997214376861,TRUE,TRUE,0,,,,insufficient (a=0)
GASTROINTESTINAL OEDEMA,4,6.11261301296552,2.29050335313497,TRUE,TRUE,0,106,,,insufficient (a=0)
GASTROSTOMY,4,6.17147387244452,2.31252986889771,TRUE,TRUE,0,,,,insufficient (a=0)
HYPERPHAGIA,4,2.92645291342713,1.0973556588009,TRUE,TRUE,0,,,,insufficient (a=0)
HYPOPNOEA,4,2.85383747889113,1.0701434203057,TRUE,TRUE,1,386,26.5009309274796,3.69135247847242,replicated
INFUSION SITE DISCHARGE,4,5.32850727104944,1.99702662168573,TRUE,TRUE,0,,,,insufficient (a=0)
INGROWING NAIL,4,4.54332076453833,1.70304478191818,TRUE,TRUE,0,,,,insufficient (a=0)
LEFT VENTRICULAR FAILURE,4,3.71392161576292,1.39239989106106,TRUE,TRUE,0,,,,insufficient (a=0)
LOCAL REACTION,4,14.5914617120533,5.45758661499171,TRUE,TRUE,0,,,,insufficient (a=0)
LONG QT SYNDROME CONGENITAL,4,121.27058928455,44.3292187606456,TRUE,TRUE,0,,,,insufficient (a=0)
MENIERE'S DISEASE,4,8.25529837037258,3.09196052386152,TRUE,TRUE,0,,,,insufficient (a=0)
NEONATAL RESPIRATORY DEPRESSION,4,38.5147763354209,14.3309138898603,TRUE,TRUE,0,,,,insufficient (a=0)
NON-CARDIAC CHEST PAIN,4,4.39638657676286,1.64801993689215,TRUE,TRUE,0,,,,insufficient (a=0)
OESOPHAGEAL SPASM,4,6.83426854015422,2.56051741786615,TRUE,TRUE,0,,,,insufficient (a=0)
OSTEOSCLEROSIS,4,6.86564471254348,2.57225517452341,TRUE,TRUE,0,,,,insufficient (a=0)
PALLIATIVE CARE,4,6.17572162299585,2.31411941172465,TRUE,TRUE,0,,,,insufficient (a=0)
PERSONALITY DISORDER,4,4.69303896114931,1.75910857228083,TRUE,TRUE,0,,,,insufficient (a=0)
PNEUMONIA STAPHYLOCOCCAL,4,6.73172126005229,2.52215358718653,TRUE,TRUE,0,,,,insufficient (a=0)
PROTEIN TOTAL DECREASED,4,3.45238234647641,1.29441911032683,TRUE,TRUE,0,,,,insufficient (a=0)
PULMONARY VASCULITIS,4,19.2571343283907,7.19536309708973,TRUE,TRUE,0,,,,insufficient (a=0)
PUPILLARY REFLEX IMPAIRED,4,8.20247328596392,3.07221065319088,TRUE,TRUE,0,,,,insufficient (a=0)
PURULENT DISCHARGE,4,2.8666045179344,1.0749278611164,TRUE,TRUE,1,392,26.0941312269425,3.63482993960442,replicated
QUADRIPLEGIA,4,5.7594802387393,2.15834450407499,TRUE,TRUE,0,,,,insufficient (a=0)
RECTAL TENESMUS,4,8.57070643337209,3.20987360669751,TRUE,TRUE,0,196,,,insufficient (a=0)
RENAL COLIC,4,5.39580090541112,2.02221736080826,TRUE,TRUE,0,,,,insufficient (a=0)
RENAL HAEMORRHAGE,4,5.32850727104944,1.99702662168573,TRUE,TRUE,0,,,,insufficient (a=0)
SERUM FERRITIN DECREASED,4,6.05078104373148,2.26736439967343,TRUE,TRUE,0,,,,insufficient (a=0)
SUDDEN UNEXPLAINED DEATH IN EPILEPSY,4,20.3488373900138,7.60146997662009,TRUE,TRUE,0,,,,insufficient (a=0)
SUICIDAL BEHAVIOUR,4,2.91978557722652,1.0948571468375,TRUE,TRUE,0,,,,insufficient (a=0)
SUPERIOR MESENTERIC ARTERY SYNDROME,4,46.4972186181277,17.2712424645579,TRUE,TRUE,0,,,,insufficient (a=0)
SYSTEMIC CANDIDA,4,4.27896832292283,1.60404587002466,TRUE,TRUE,0,,,,insufficient (a=0)
TONGUE SPASM,4,37.5478654396704,13.9740625620902,TRUE,TRUE,0,,,,insufficient (a=0)
TUMOUR HAEMORRHAGE,4,3.73712712988871,1.40109286152879,TRUE,TRUE,0,,,,insufficient (a=0)
URINE OUTPUT INCREASED,4,4.22655834833941,1.58441719191752,TRUE,TRUE,0,,,,insufficient (a=0)
VOCAL CORD PARALYSIS,4,6.55947856059746,2.45771223246079,TRUE,TRUE,0,,,,insufficient (a=0)
WOUND DEHISCENCE,4,3.69556364560936,1.38552278682475,TRUE,TRUE,0,,,,insufficient (a=0)
ACCOMMODATION DISORDER,3,15.6865464484754,5.0381169779199,TRUE,TRUE,0,,,,insufficient (a=0)
ACUTE FEBRILE NEUTROPHILIC DERMATOSIS,3,3.71152869434233,1.19564543149038,TRUE,TRUE,0,,,,insufficient (a=0)
ACUTE LEFT VENTRICULAR FAILURE,3,11.7238209466032,3.76914428127823,TRUE,TRUE,0,,,,insufficient (a=0)
ACUTE PSYCHOSIS,3,3.51565468707732,1.13260176105601,TRUE,TRUE,0,,,,insufficient (a=0)
ADENOMYOSIS,3,15.0886142473424,4.84680475059652,TRUE,TRUE,0,,,,insufficient (a=0)
AEROPHAGIA,3,47.7279295820283,15.2064851609508,TRUE,TRUE,0,,,,insufficient (a=0)
ANION GAP INCREASED,3,6.8179493311527,2.19464125617106,TRUE,TRUE,0,,,,insufficient (a=0)
ANORECTAL INFECTION,3,31.3005111557077,10.0136215995577,TRUE,TRUE,0,43,,,insufficient (a=0)
ANTICOAGULATION DRUG LEVEL BELOW THERAPEUTIC,3,9.89622480591221,3.18304527155353,TRUE,TRUE,0,,,,insufficient (a=0)
APPLICATION SITE DERMATITIS,3,18.3366540339424,5.88534399950244,TRUE,TRUE,0,,,,insufficient (a=0)
APPLICATION SITE HYPERAESTHESIA,3,89.7288426395939,28.2915793438686,TRUE,TRUE,0,,,,insufficient (a=0)
APPLICATION SITE WOUND,3,43.9845326963273,14.0269122584409,TRUE,TRUE,0,,,,insufficient (a=0)
ATROPHIC VULVOVAGINITIS,3,12.4851327425294,4.01313338512361,TRUE,TRUE,0,24,,,insufficient (a=0)
BACTERIAL TRANSLOCATION,3,21.9920759928337,7.05211578404474,TRUE,TRUE,0,,,,insufficient (a=0)
BILIARY DILATATION,3,6.324517551811,2.03606263284842,TRUE,TRUE,0,,,,insufficient (a=0)
BLOOD ALKALINE PHOSPHATASE DECREASED,3,8.08819110576923,2.60268906529139,TRUE,TRUE,0,,,,insufficient (a=0)
BLOOD BILIRUBIN DECREASED,3,12.2800786894661,3.94742580694039,TRUE,TRUE,0,50,,,insufficient (a=0)
BLOOD CHLORIDE INCREASED,3,5.88736360366122,1.89553759370507,TRUE,TRUE,0,,,,insufficient (a=0)
BLOOD ELECTROLYTES DECREASED,3,5.54759270341185,1.78629538442106,TRUE,TRUE,0,,,,insufficient (a=0)
BLOOD IMMUNOGLOBULIN G DECREASED,3,3.10658685686967,1.00091982133645,TRUE,TRUE,0,,,,insufficient (a=0)
BLOOD PHOSPHORUS INCREASED,3,3.13993275236812,1.01165512647595,TRUE,TRUE,0,,,,insufficient (a=0)
BODY TEMPERATURE ABNORMAL,3,3.70335718216841,1.19301548706098,TRUE,TRUE,0,,,,insufficient (a=0)
BONE DEMINERALISATION,3,6.43951570203774,2.07302414836525,TRUE,TRUE,0,,,,insufficient (a=0)
CATAPLEXY,3,5.16835335329481,1.66434130197885,TRUE,TRUE,0,,,,insufficient (a=0)
CEREBELLAR STROKE,3,18.3366540339424,5.88534399950244,TRUE,TRUE,0,,,,insufficient (a=0)
CHEMICAL INJURY,3,10.8714961088377,3.49587594309852,TRUE,TRUE,0,,,,insufficient (a=0)
CHOREOATHETOSIS,3,14.2272974104163,4.57111980871306,TRUE,TRUE,0,,,,insufficient (a=0)
CHRONIC RESPIRATORY DISEASE,3,21.638499518501,6.93935148508224,TRUE,TRUE,0,,,,insufficient (a=0)
CHRONIC RESPIRATORY FAILURE,3,6.68917371406081,2.15325927460532,TRUE,TRUE,0,,,,insufficient (a=0)
COLORECTAL CANCER METASTATIC,3,3.21188265510098,1.03481790716753,TRUE,TRUE,0,411,,,insufficient (a=0)
COR PULMONALE CHRONIC,3,44.864230964467,14.3043102495973,TRUE,TRUE,0,,,,insufficient (a=0)
CORRECTIVE LENS USER,3,8.10768164026665,2.60894810020521,TRUE,TRUE,0,,,,insufficient (a=0)
DANDRUFF,3,3.2904221016966,1.06010109611844,TRUE,TRUE,0,,,,insufficient (a=0)
DELAYED GRAFT FUNCTION,3,9.68262900339627,3.11451120181676,TRUE,TRUE,0,,,,insufficient (a=0)
DILATATION ATRIAL,3,19.0639018708388,6.11764451070361,TRUE,TRUE,0,23,,,insufficient (a=0)
DRUG DOSE TITRATION NOT PERFORMED,3,3.96525968490229,1.27730159928903,TRUE,TRUE,0,,,,insufficient (a=0)
DRUG EFFECT VARIABLE,3,5.9550987152419,1.91731336604501,TRUE,TRUE,0,,,,insufficient (a=0)
DRUG LEVEL ABNORMAL,3,12.9662700624982,4.16728255565683,TRUE,TRUE,0,,,,insufficient (a=0)
DUCTUS ARTERIOSUS STENOSIS FOETAL,3,17.1235168752664,5.49764975761972,TRUE,TRUE,0,,,,insufficient (a=0)
ESSENTIAL TREMOR,3,7.88905862259806,2.53873772684862,TRUE,TRUE,0,,,,insufficient (a=0)
EXPOSURE VIA EYE CONTACT,3,17.0368135963503,5.46993208221207,TRUE,TRUE,0,,,,insufficient (a=0)
FEMORAL NERVE INJURY,3,129.416768352206,40.4083766302044,TRUE,TRUE,0,,,,insufficient (a=0)
GASTROINTESTINAL NECROSIS,3,3.27122441878543,1.0539211266015,TRUE,TRUE,0,,,,insufficient (a=0)
GAZE PALSY,3,5.35765412315303,1.72521870365578,TRUE,TRUE,0,,,,insufficient (a=0)
GINGIVAL HYPERTROPHY,3,5.01803222839233,1.61599526274904,TRUE,TRUE,0,,,,insufficient (a=0)
GRAVES' DISEASE,3,8.13709420018537,2.61839329900068,TRUE,TRUE,0,,,,insufficient (a=0)
HEPATOBILIARY DISEASE,3,12.2354224734656,3.93311525775562,TRUE,TRUE,0,,,,insufficient (a=0)
HIV INFECTION,3,3.29848779486414,1.06269752380569,TRUE,TRUE,0,,,,insufficient (a=0)
HYPERMETROPIA,3,9.32052199192879,2.99830918444472,TRUE,TRUE,0,,,,insufficient (a=0)
HYPERPHOSPHATAEMIA,3,3.89862957396874,1.25585958700513,TRUE,TRUE,0,,,,insufficient (a=0)
HYPERTROPHY,3,18.5387150228636,5.9498956716032,TRUE,TRUE,0,,,,insufficient (a=0)
INFECTED CYST,3,6.61681865145321,2.13000683291547,TRUE,TRUE,0,,,,insufficient (a=0)
INFUSION SITE RASH,3,5.47982429851684,1.7645044357273,TRUE,TRUE,0,,,,insufficient (a=0)
INTENSIVE CARE,3,5.10173585588221,1.64291634102201,TRUE,TRUE,0,,,,insufficient (a=0)
INTERVERTEBRAL DISC SPACE NARROWING,3,10.0289661615741,3.22563277714227,TRUE,TRUE,0,,,,insufficient (a=0)
INTESTINAL DILATATION,3,6.7904283219022,2.18579761881276,TRUE,TRUE,0,,,,insufficient (a=0)
JOINT ARTHROPLASTY,3,4.6568454147858,1.49981596881512,TRUE,TRUE,0,,,,insufficient (a=0)
KLEBSIELLA TEST POSITIVE,3,12.4851327425294,4.01313338512361,TRUE,TRUE,0,,,,insufficient (a=0)
KYPHOSIS,3,4.70899070380409,1.51659032023248,TRUE,TRUE,0,,,,insufficient (a=0)
LARGE INTESTINAL ULCER,3,3.25382226384157,1.04831910788308,TRUE,TRUE,0,,,,insufficient (a=0)
LIPOMA,3,3.2585499194946,1.04984101710302,TRUE,TRUE,0,,,,insufficient (a=0)
LONG QT SYNDROME,3,3.29525677771867,1.06165742818351,TRUE,TRUE,0,56,,,insufficient (a=0)
LUNG CONSOLIDATION,3,3.39160101881038,1.09267084208709,TRUE,TRUE,0,,,,insufficient (a=0)
LYMPHADENOPATHY MEDIASTINAL,3,4.36105269910617,1.40465558102018,TRUE,TRUE,0,,,,insufficient (a=0)
MEAN PLATELET VOLUME INCREASED,3,12.302529255097,3.95462020291296,TRUE,TRUE,0,,,,insufficient (a=0)
METABOLIC SYNDROME,3,5.87707933411655,1.89223129793272,TRUE,TRUE,0,,,,insufficient (a=0)
METASTASES TO ADRENALS,3,9.00857745703627,2.8981875814558,TRUE,TRUE,0,,,,insufficient (a=0)
MOANING,3,7.96375153936263,2.56272608662786,TRUE,TRUE,0,,,,insufficient (a=0)
NON-ALCOHOLIC STEATOHEPATITIS,3,6.63639616435887,2.13629845939315,TRUE,TRUE,0,,,,insufficient (a=0)
NOROVIRUS INFECTION,3,4.90464243166447,1.57952459531952,TRUE,TRUE,0,,,,insufficient (a=0)
OEDEMATOUS PANCREATITIS,3,15.3292132557844,4.92379285524472,TRUE,TRUE,0,,,,insufficient (a=0)
OESOPHAGEAL PERFORATION,3,10.1806960688697,3.27430890877456,TRUE,TRUE,0,,,,insufficient (a=0)
OPHTHALMIC MIGRAINE,3,10.2426813156248,3.29419318748593,TRUE,TRUE,0,,,,insufficient (a=0)
OSMOTIC DEMYELINATION SYNDROME,3,11.1785092416142,3.59432253927837,TRUE,TRUE,0,,,,insufficient (a=0)
OTITIS EXTERNA,3,7.16649016396101,2.3066312207655,TRUE,TRUE,0,,,,insufficient (a=0)
OTORRHOEA,3,4.56831701593144,1.47133671150402,TRUE,TRUE,0,,,,insufficient (a=0)
OVARIAN CANCER RECURRENT,3,4.59954529840985,1.48138287908919,TRUE,TRUE,0,,,,insufficient (a=0)
PANCREATIC CARCINOMA RECURRENT,3,31.893892992037,10.2019395183175,TRUE,TRUE,2,8,3432.44642857143,685.407343296187,replicated
PERINEAL ABSCESS,3,17.4793381238051,5.6113875696717,TRUE,TRUE,0,,,,insufficient (a=0)
PHYSICAL PRODUCT LABEL ISSUE,3,6.16798936383051,1.98574952184605,TRUE,TRUE,0,,,,insufficient (a=0)
PNEUMONIA KLEBSIELLA,3,4.57764088884285,1.47433622666457,TRUE,TRUE,0,,,,insufficient (a=0)
PNEUMONIA PSEUDOMONAL,3,4.4950713609961,1.44777289580871,TRUE,TRUE,0,,,,insufficient (a=0)
POSTMENOPAUSAL HAEMORRHAGE,3,3.21341668727183,1.03531174790092,TRUE,TRUE,0,,,,insufficient (a=0)
PRODUCT BARCODE ISSUE,3,18.6932074873096,5.99924638360136,TRUE,TRUE,0,,,,insufficient (a=0)
PSEUDOMONAS TEST POSITIVE,3,9.54528134787774,3.07043812030418,TRUE,TRUE,0,,,,insufficient (a=0)
PSYCHOTIC SYMPTOM,3,3.34772463823017,1.0785471296153,TRUE,TRUE,0,,,,insufficient (a=0)
PULMONARY VALVE INCOMPETENCE,3,6.59089426609724,2.1216754161958,TRUE,TRUE,0,,,,insufficient (a=0)
PULSE ABNORMAL,3,3.39160101881038,1.09267084208709,TRUE,TRUE,0,,,,insufficient (a=0)
PUPILLARY LIGHT REFLEX TESTS ABNORMAL,3,35.050097160533,11.2026642497247,TRUE,TRUE,0,,,,insufficient (a=0)
SALPINGECTOMY,3,12.508340016606,4.0205695035692,TRUE,TRUE,0,,,,insufficient (a=0)
SECONDARY PROGRESSIVE MULTIPLE SCLEROSIS,3,4.19780503560899,1.35213059682359,TRUE,TRUE,0,,,,insufficient (a=0)
SEIZURE LIKE PHENOMENA,3,4.20830706374225,1.35550975753756,TRUE,TRUE,0,,,,insufficient (a=0)
SERUM SICKNESS,3,3.63925787845261,1.17238519572846,TRUE,TRUE,0,,,,insufficient (a=0)
SINUS OPERATION,3,3.26170932873372,1.05085808028325,TRUE,TRUE,0,,,,insufficient (a=0)
SKIN DISCHARGE,3,18.7976409409296,6.03260419230124,TRUE,TRUE,0,,,,insufficient (a=0)
SLEEP PARALYSIS,3,4.93341089584233,1.58877787459675,TRUE,TRUE,0,,,,insufficient (a=0)
SOFT TISSUE INFECTION,3,4.5745287055665,1.47333503044499,TRUE,TRUE,0,,,,insufficient (a=0)
STARVATION,3,9.85275508914835,3.16909823226827,TRUE,TRUE,0,,,,insufficient (a=0)
STREPTOCOCCAL SEPSIS,3,7.78861437182741,2.5064776521909,TRUE,TRUE,0,,,,insufficient (a=0)
SUDDEN CARDIAC DEATH,3,3.33941668451084,1.07587278202561,TRUE,TRUE,0,82,,,insufficient (a=0)
SYSTOLIC DYSFUNCTION,3,6.73604746878859,2.1683224434327,TRUE,TRUE,0,,,,insufficient (a=0)
TACHYPHYLAXIS,3,25.1104094060156,8.04576342608855,TRUE,TRUE,0,,,,insufficient (a=0)
TEMPOROMANDIBULAR JOINT SYNDROME,3,3.39331154918329,1.09322145180704,TRUE,TRUE,0,,,,insufficient (a=0)
THERAPY RESPONDER,3,15.5416325717166,4.99175613725397,TRUE,TRUE,0,,,,insufficient (a=0)
THORACIC OUTLET SYNDROME,3,34.5108590394377,11.0318022587056,TRUE,TRUE,0,,,,insufficient (a=0)
TONGUE HAEMORRHAGE,3,7.07605646207305,2.27757577621774,TRUE,TRUE,0,,,,insufficient (a=0)
TRACHEAL HAEMORRHAGE,3,25.6854656682296,8.22883363302443,TRUE,TRUE,0,,,,insufficient (a=0)
TRACHEAL INFLAMMATION,3,73.9522758966922,23.4085142877529,TRUE,TRUE,0,,,,insufficient (a=0)
TRACHEOBRONCHITIS,3,11.62257568186,3.73668963916696,TRUE,TRUE,0,,,,insufficient (a=0)
TRANSFUSION REACTION,3,11.1230767294542,3.57654871745645,TRUE,TRUE,0,,,,insufficient (a=0)
TRANSIENT GLOBAL AMNESIA,3,11.1785092416142,3.59432253927837,TRUE,TRUE,0,,,,insufficient (a=0)
URETERIC OBSTRUCTION,3,6.95896960089029,2.2399549721339,TRUE,TRUE,0,,,,insufficient (a=0)
URETERIC STENOSIS,3,11.1414930497193,3.58245376181972,TRUE,TRUE,0,,,,insufficient (a=0)
URINARY TRACT INFECTION PSEUDOMONAL,3,15.7970177664975,5.07345668812805,TRUE,TRUE,0,,,,insufficient (a=0)
UTERINE PROLAPSE,3,8.44339814915069,2.7167477841959,TRUE,TRUE,2,77,274.579285714286,66.6058327260485,replicated
VOCAL CORD DYSFUNCTION,3,13.7336840878483,4.41307329131045,TRUE,TRUE,0,,,,insufficient (a=0)
