pt,ROR_dimenhydrinate,ROR_promethazine,ROR_scopolamine,a_dimenhydrinate,a_promethazine,a_scopolamine,dlogROR_prom,dlogROR_dmh,verdict_vs_promethazine,verdict_vs_dimenhydrinate
MYDRIASIS,2.05522903595829,9.17627366848823,46.6549952753058,11,251,186,1.62615879765735,3.12239270665838,scopolamine higher,scopolamine higher
PRODUCT ADHESION ISSUE,0.156115709444929,0.674098974268955,19.3902033587081,3,68,277,3.35914628976758,4.82192577647849,scopolamine higher,scopolamine higher
SWOLLEN TONGUE,2.70475442743863,2.12065335033572,17.2545343495016,36,148,174,2.09635074445061,1.85306384627965,scopolamine higher,scopolamine higher
ACCOMMODATION DISORDER,4.04088172540599,0.7674667413291,15.6865464484754,1,1,3,3.01746356511652,1.35634051386053,scopolamine higher,scopolamine higher
ANGIOEDEMA,0.33838337643432,0.727394980966792,11.4475522701932,7,79,179,2.75606157803425,3.52135170808677,scopolamine higher,scopolamine higher
DYSPHONIA,3.24663753576367,1.63767789273045,9.31502980430806,91,242,199,1.73834988424341,1.0540093472634,scopolamine higher,scopolamine higher
SWELLING FACE,3.09152556656375,1.3928297068046,9.06174117146186,90,214,201,1.87272384578911,1.0753966039342,scopolamine higher,scopolamine higher
DRY MOUTH,4.46765052057317,2.06718169648353,7.15063954310738,165,404,203,1.24101561898257,0.470339139460484,scopolamine higher,scopolamine higher
DISORIENTATION,1.62601225419554,2.53881939534622,6.42174656091605,26,212,79,0.927990962696584,1.37355958318706,scopolamine higher,scopolamine higher
HALLUCINATION,6.24205851407786,2.96217649567426,6.28629829784951,207,520,162,0.752448090842381,0.00706237351234984,scopolamine higher,comparable
VISION BLURRED,5.04895863118658,1.34085692836653,5.86949664333742,306,437,275,1.47645997110247,0.150586869077573,scopolamine higher,comparable
DELIRIUM,5.00684736146093,2.57552044135327,5.62365574347687,78,211,68,0.780930313752532,0.116175492738666,scopolamine higher,comparable
DRUG INTOLERANCE,7.1457309302749,1.0687613109333,5.11999139943491,357,290,201,1.5666524347099,-0.333362346446074,scopolamine higher,scopolamine lower
CONFUSIONAL STATE,4.57563809616991,1.96593118666879,4.70031730964175,321,737,256,0.871663999708876,0.0268838555523991,scopolamine higher,comparable
URINARY RETENTION,10.4508802308119,2.47772425525335,4.57049972329592,157,198,54,0.612282047692699,-0.827063659906612,scopolamine higher,scopolamine lower
TACHYCARDIA,8.31952180445943,4.80247707457873,4.26165098329665,316,964,128,-0.119475202040221,-0.668948137789992,comparable,scopolamine lower
PRODUCT QUALITY ISSUE,0.201204426410905,0.605238390344985,4.1963604869527,13,205,205,1.93635046382574,3.037651439836,scopolamine higher,scopolamine higher
AGITATION,8.29850429533766,3.47037634517858,4.12446362865712,245,544,96,0.172672937014081,-0.699139311266976,comparable,scopolamine lower
HYPERSENSITIVITY,4.32666769789435,1.12778986005132,3.74173350549299,376,530,254,1.1992891667439,-0.145248652766018,scopolamine higher,comparable
HEAT STROKE,,1.37484832053058,3.71939124325082,,5,2,0.995216597914169,,scopolamine higher,NA
VOMITING,7.12720325733627,2.94666579250921,3.60731626263988,1352,3177,570,0.202289787000023,-0.680954829131427,comparable,scopolamine lower
SEDATION,2.43388966275276,2.84316416442198,3.13650687471175,29,177,29,0.0981921460148518,0.253619058510793,comparable,scopolamine higher
LETHARGY,2.55263546795271,2.86335105167745,2.9814298554892,64,375,58,0.0404103673980787,0.155276660416364,comparable,comparable
NAUSEA,8.46347377561716,2.77436655138805,2.90799100817344,2440,5003,775,0.0470400161957587,-1.06829723354869,comparable,scopolamine lower
DIZZINESS,5.29202879123799,1.54980916374076,2.87537361572813,1102,1837,490,0.618050815918863,-0.610019067656215,scopolamine higher,scopolamine lower
AMNESIA,2.89761117934366,2.19421783942283,2.78444743684949,79,314,59,0.238223801186602,-0.0398372194609076,scopolamine higher,comparable
SOMNOLENCE,3.94801767073841,2.48206173469391,2.62282030359691,354,1181,185,0.0551606311328197,-0.408963406863338,comparable,scopolamine lower
CONSTIPATION,3.13420477501183,2.2336894780856,2.34590058852002,324,1221,190,0.0490146816338459,-0.289706107175824,comparable,scopolamine lower
PNEUMONIA,4.93464846205742,2.12424493772738,2.27859988002895,728,1714,272,0.0701447508190198,-0.772720270091894,comparable,scopolamine lower
HEADACHE,6.07879452245417,1.70284138400309,2.22082635291484,1573,2606,496,0.265581099487654,-1.0069270493208,scopolamine higher,scopolamine lower
ABDOMINAL PAIN,8.55965763820823,2.33601010678699,2.21287155314978,843,1286,181,-0.054153374064454,-1.35276917638969,comparable,scopolamine lower
WRONG TECHNIQUE IN PRODUCT USAGE PROCESS,0.565331100810905,0.392741788556964,2.20288539706215,65,238,193,1.72437095478275,1.36011174550423,scopolamine higher,scopolamine higher
MALAISE,6.30107805867745,1.47211012602317,2.03697544232236,1216,1645,333,0.324769249982893,-1.12925465781745,scopolamine higher,scopolamine lower
PYREXIA,6.78022786173504,1.71711309083846,1.81635175690547,980,1406,220,0.0561855150431712,-1.31718074915468,comparable,scopolamine lower
FALL,4.48554351352826,1.78555094144841,1.70256305473702,666,1449,205,-0.0475922233682143,-0.968724877989705,comparable,scopolamine lower
HYPERTHERMIA,0.305670857129096,2.10427552702616,1.57582486576178,1,36,4,-0.289192380736433,1.64002524570735,scopolamine lower,scopolamine higher
DIARRHOEA,3.78686397526969,1.75181992052179,1.42241877575582,1107,2855,347,-0.20829641639746,-0.979179443668895,comparable,scopolamine lower
DRY EYE,1.59690540983154,1.08555054944574,1.38680680380211,40,143,27,0.244916563790001,-0.141063796634329,scopolamine higher,comparable
DEATH,0.426373410611912,0.831252100166903,1.1985621552738,188,1892,397,0.365944794933872,1.03356240036201,scopolamine higher,scopolamine higher
DYSPNOEA,3.67856668704366,1.53328282059249,1.15690594489666,913,2109,238,-0.281661918509451,-1.1567740364116,scopolamine lower,scopolamine lower
ANAPHYLACTIC REACTION,6.36646852312118,2.27479534088564,1.15230744051044,161,305,23,-0.680123686194124,-1.70927852176545,scopolamine lower,scopolamine lower
RASH,4.45249702575478,1.08209307286455,0.957419498706838,880,1204,158,-0.122410831927563,-1.53697870410642,comparable,scopolamine lower
SWELLING,2.57474179041757,1.50550072408571,0.82822919081041,119,367,30,-0.597590912303224,-1.13421461592518,scopolamine lower,scopolamine lower
ERYTHEMA,6.17600344851125,0.88098111807937,0.755063433080768,588,465,59,-0.154234430288196,-2.1016248870321,comparable,scopolamine lower
URTICARIA,6.83313868617689,1.00773438509568,0.739008411516082,510,414,45,-0.310150603879232,-2.22423008792443,scopolamine lower,scopolamine lower
PRURITUS,3.76970302199274,1.04343893169586,0.70717841888532,668,1021,103,-0.388994207656763,-1.67346850875626,scopolamine lower,scopolamine lower
